This is pdfTeX, Version 3.141592653-2.6-1.40.25 (TeX Live 2023/Debian) (preloaded format=pdflatex 2026.10.6)  6 OCT 2026 13:53
entering extended mode
 restricted \write18 enabled.
 file:line:error style messages enabled.
 %&-line parsing enabled.
**"/workspaces/statistik-und-wahrheit/03-base-rate/my poster/myposter-front"
(/workspaces/statistik-und-wahrheit/03-base-rate/my poster/myposter-front.tex
LaTeX2e <2023-11-01> patch level 1
L3 programming layer <2024-01-22>
(/usr/share/texlive/texmf-dist/tex/latex/beamer/beamer.cls
Document Class: beamer 2024/01/06 v3.71 A class for typesetting presentations
(/usr/share/texlive/texmf-dist/tex/latex/beamer/beamerbasemodes.sty (/usr/share/texlive/texmf-dist/tex/latex/etoolbox/etoolbox.sty
Package: etoolbox 2020/10/05 v2.5k e-TeX tools for LaTeX (JAW)
\etb@tempcnta=\count187
)
\beamer@tempbox=\box51
\beamer@tempcount=\count188
\c@beamerpauses=\count189
 (/usr/share/texlive/texmf-dist/tex/latex/beamer/beamerbasedecode.sty
\beamer@slideinframe=\count190
\beamer@minimum=\count191
\beamer@decode@box=\box52
)
\beamer@commentbox=\box53
\beamer@modecount=\count192
) (/usr/share/texlive/texmf-dist/tex/generic/iftex/iftex.sty
Package: iftex 2022/02/03 v1.0f TeX engine tests
)
\headdp=\dimen140
\footheight=\dimen141
\sidebarheight=\dimen142
\beamer@tempdim=\dimen143
\beamer@finalheight=\dimen144
\beamer@animht=\dimen145
\beamer@animdp=\dimen146
\beamer@animwd=\dimen147
\beamer@leftmargin=\dimen148
\beamer@rightmargin=\dimen149
\beamer@leftsidebar=\dimen150
\beamer@rightsidebar=\dimen151
\beamer@boxsize=\dimen152
\beamer@vboxoffset=\dimen153
\beamer@descdefault=\dimen154
\beamer@descriptionwidth=\dimen155
\beamer@lastskip=\skip48
\beamer@areabox=\box54
\beamer@animcurrent=\box55
\beamer@animshowbox=\box56
\beamer@sectionbox=\box57
\beamer@logobox=\box58
\beamer@linebox=\box59
\beamer@sectioncount=\count193
\beamer@subsubsectionmax=\count194
\beamer@subsectionmax=\count195
\beamer@sectionmax=\count196
\beamer@totalheads=\count197
\beamer@headcounter=\count198
\beamer@partstartpage=\count199
\beamer@sectionstartpage=\count266
\beamer@subsectionstartpage=\count267
\beamer@animationtempa=\count268
\beamer@animationtempb=\count269
\beamer@xpos=\count270
\beamer@ypos=\count271
\beamer@ypos@offset=\count272
\beamer@showpartnumber=\count273
\beamer@currentsubsection=\count274
\beamer@coveringdepth=\count275
\beamer@sectionadjust=\count276
\beamer@toclastsection=\count277
\beamer@tocsectionnumber=\count278
 (/usr/share/texlive/texmf-dist/tex/latex/beamer/beamerbaseoptions.sty (/usr/share/texlive/texmf-dist/tex/latex/graphics/keyval.sty
Package: keyval 2022/05/29 v1.15 key=value parser (DPC)
\KV@toks@=\toks17
))
\beamer@paperwidth=\skip49
\beamer@paperheight=\skip50
 (/usr/share/texlive/texmf-dist/tex/latex/geometry/geometry.sty
Package: geometry 2020/01/02 v5.9 Page Geometry
 (/usr/share/texlive/texmf-dist/tex/generic/iftex/ifvtex.sty
Package: ifvtex 2019/10/25 v1.7 ifvtex legacy package. Use iftex instead.
)
\Gm@cnth=\count279
\Gm@cntv=\count280
\c@Gm@tempcnt=\count281
\Gm@bindingoffset=\dimen156
\Gm@wd@mp=\dimen157
\Gm@odd@mp=\dimen158
\Gm@even@mp=\dimen159
\Gm@layoutwidth=\dimen160
\Gm@layoutheight=\dimen161
\Gm@layouthoffset=\dimen162
\Gm@layoutvoffset=\dimen163
\Gm@dimlist=\toks18
) (/usr/share/texlive/texmf-dist/tex/latex/pgf/math/pgfmath.sty (/usr/share/texlive/texmf-dist/tex/latex/pgf/utilities/pgfrcs.sty (/usr/share/texlive/texmf-dist/tex/generic/pgf/utilities/pgfutil-common.tex
\pgfutil@everybye=\toks19
\pgfutil@tempdima=\dimen164
\pgfutil@tempdimb=\dimen165
) (/usr/share/texlive/texmf-dist/tex/generic/pgf/utilities/pgfutil-latex.def
\pgfutil@abb=\box60
) (/usr/share/texlive/texmf-dist/tex/generic/pgf/utilities/pgfrcs.code.tex (/usr/share/texlive/texmf-dist/tex/generic/pgf/pgf.revision.tex)
Package: pgfrcs 2023-01-15 v3.1.10 (3.1.10)
)) (/usr/share/texlive/texmf-dist/tex/latex/pgf/utilities/pgfkeys.sty (/usr/share/texlive/texmf-dist/tex/generic/pgf/utilities/pgfkeys.code.tex
\pgfkeys@pathtoks=\toks20
\pgfkeys@temptoks=\toks21
 (/usr/share/texlive/texmf-dist/tex/generic/pgf/utilities/pgfkeyslibraryfiltered.code.tex
\pgfkeys@tmptoks=\toks22
))) (/usr/share/texlive/texmf-dist/tex/generic/pgf/math/pgfmath.code.tex (/usr/share/texlive/texmf-dist/tex/generic/pgf/math/pgfmathutil.code.tex
\pgf@x=\dimen166
\pgf@xa=\dimen167
\pgf@xb=\dimen168
\pgf@xc=\dimen169
\pgf@y=\dimen170
\pgf@ya=\dimen171
\pgf@yb=\dimen172
\pgf@yc=\dimen173
\c@pgf@counta=\count282
\c@pgf@countb=\count283
\c@pgf@countc=\count284
\c@pgf@countd=\count285
) (/usr/share/texlive/texmf-dist/tex/generic/pgf/math/pgfmathparser.code.tex
\pgfmath@dimen=\dimen174
\pgfmath@count=\count286
\pgfmath@box=\box61
\pgfmath@toks=\toks23
\pgfmath@stack@operand=\toks24
\pgfmath@stack@operation=\toks25
) (/usr/share/texlive/texmf-dist/tex/generic/pgf/math/pgfmathfunctions.code.tex) (/usr/share/texlive/texmf-dist/tex/generic/pgf/math/pgfmathfunctions.basic.code.tex) (/usr/share/texlive/texmf-dist/tex/generic/pgf/math/pgfmathfunctions.trigonometric.code.tex) (/usr/share/texlive/texmf-dist/tex/generic/pgf/math/pgfmathfunctions.random.code.tex) (/usr/share/texlive/texmf-dist/tex/generic/pgf/math/pgfmathfunctions.comparison.code.tex) (/usr/share/texlive/texmf-dist/tex/generic/pgf/math/pgfmathfunctions.base.code.tex) (/usr/share/texlive/texmf-dist/tex/generic/pgf/math/pgfmathfunctions.round.code.tex) (/usr/share/texlive/texmf-dist/tex/generic/pgf/math/pgfmathfunctions.misc.code.tex) (/usr/share/texlive/texmf-dist/tex/generic/pgf/math/pgfmathfunctions.integerarithmetics.code.tex) (/usr/share/texlive/texmf-dist/tex/generic/pgf/math/pgfmathcalc.code.tex) (/usr/share/texlive/texmf-dist/tex/generic/pgf/math/pgfmathfloat.code.tex
\c@pgfmathroundto@lastzeros=\count287
))) (/usr/share/texlive/texmf-dist/tex/latex/base/size11.clo
File: size11.clo 2023/05/17 v1.4n Standard LaTeX file (size option)
) (/usr/share/texlive/texmf-dist/tex/latex/pgf/basiclayer/pgfcore.sty (/usr/share/texlive/texmf-dist/tex/latex/graphics/graphicx.sty
Package: graphicx 2021/09/16 v1.2d Enhanced LaTeX Graphics (DPC,SPQR)
 (/usr/share/texlive/texmf-dist/tex/latex/graphics/graphics.sty
Package: graphics 2022/03/10 v1.4e Standard LaTeX Graphics (DPC,SPQR)
 (/usr/share/texlive/texmf-dist/tex/latex/graphics/trig.sty
Package: trig 2021/08/11 v1.11 sin cos tan (DPC)
) (/usr/share/texlive/texmf-dist/tex/latex/graphics-cfg/graphics.cfg
File: graphics.cfg 2016/06/04 v1.11 sample graphics configuration
)
Package graphics Info: Driver file: pdftex.def on input line 107.
 (/usr/share/texlive/texmf-dist/tex/latex/graphics-def/pdftex.def
File: pdftex.def 2022/09/22 v1.2b Graphics/color driver for pdftex
))
\Gin@req@height=\dimen175
\Gin@req@width=\dimen176
) (/usr/share/texlive/texmf-dist/tex/latex/pgf/systemlayer/pgfsys.sty (/usr/share/texlive/texmf-dist/tex/generic/pgf/systemlayer/pgfsys.code.tex
Package: pgfsys 2023-01-15 v3.1.10 (3.1.10)
\pgf@x=\dimen177
\pgf@y=\dimen178
\pgf@xa=\dimen179
\pgf@ya=\dimen180
\pgf@xb=\dimen181
\pgf@yb=\dimen182
\pgf@xc=\dimen183
\pgf@yc=\dimen184
\pgf@xd=\dimen185
\pgf@yd=\dimen186
\w@pgf@writea=\write3
\r@pgf@reada=\read2
\c@pgf@counta=\count288
\c@pgf@countb=\count289
\c@pgf@countc=\count290
\c@pgf@countd=\count291
\t@pgf@toka=\toks26
\t@pgf@tokb=\toks27
\t@pgf@tokc=\toks28
\pgf@sys@id@count=\count292
 (/usr/share/texlive/texmf-dist/tex/generic/pgf/systemlayer/pgf.cfg
File: pgf.cfg 2023-01-15 v3.1.10 (3.1.10)
)
Driver file for pgf: pgfsys-pdftex.def
 (/usr/share/texlive/texmf-dist/tex/generic/pgf/systemlayer/pgfsys-pdftex.def
File: pgfsys-pdftex.def 2023-01-15 v3.1.10 (3.1.10)
 (/usr/share/texlive/texmf-dist/tex/generic/pgf/systemlayer/pgfsys-common-pdf.def
File: pgfsys-common-pdf.def 2023-01-15 v3.1.10 (3.1.10)
))) (/usr/share/texlive/texmf-dist/tex/generic/pgf/systemlayer/pgfsyssoftpath.code.tex
File: pgfsyssoftpath.code.tex 2023-01-15 v3.1.10 (3.1.10)
\pgfsyssoftpath@smallbuffer@items=\count293
\pgfsyssoftpath@bigbuffer@items=\count294
) (/usr/share/texlive/texmf-dist/tex/generic/pgf/systemlayer/pgfsysprotocol.code.tex
File: pgfsysprotocol.code.tex 2023-01-15 v3.1.10 (3.1.10)
)) (/usr/share/texlive/texmf-dist/tex/latex/xcolor/xcolor.sty
Package: xcolor 2023/11/15 v3.01 LaTeX color extensions (UK)
 (/usr/share/texlive/texmf-dist/tex/latex/graphics-cfg/color.cfg
File: color.cfg 2016/01/02 v1.6 sample color configuration
)
Package xcolor Info: Driver file: pdftex.def on input line 274.
 (/usr/share/texlive/texmf-dist/tex/latex/graphics/mathcolor.ltx)
Package xcolor Info: Model `cmy' substituted by `cmy0' on input line 1350.
Package xcolor Info: Model `hsb' substituted by `rgb' on input line 1354.
Package xcolor Info: Model `RGB' extended on input line 1366.
Package xcolor Info: Model `HTML' substituted by `rgb' on input line 1368.
Package xcolor Info: Model `Hsb' substituted by `hsb' on input line 1369.
Package xcolor Info: Model `tHsb' substituted by `hsb' on input line 1370.
Package xcolor Info: Model `HSB' substituted by `hsb' on input line 1371.
Package xcolor Info: Model `Gray' substituted by `gray' on input line 1372.
Package xcolor Info: Model `wave' substituted by `hsb' on input line 1373.
) (/usr/share/texlive/texmf-dist/tex/generic/pgf/basiclayer/pgfcore.code.tex
Package: pgfcore 2023-01-15 v3.1.10 (3.1.10)
 (/usr/share/texlive/texmf-dist/tex/generic/pgf/math/pgfint.code.tex) (/usr/share/texlive/texmf-dist/tex/generic/pgf/basiclayer/pgfcorepoints.code.tex
File: pgfcorepoints.code.tex 2023-01-15 v3.1.10 (3.1.10)
\pgf@picminx=\dimen187
\pgf@picmaxx=\dimen188
\pgf@picminy=\dimen189
\pgf@picmaxy=\dimen190
\pgf@pathminx=\dimen191
\pgf@pathmaxx=\dimen192
\pgf@pathminy=\dimen193
\pgf@pathmaxy=\dimen194
\pgf@xx=\dimen195
\pgf@xy=\dimen196
\pgf@yx=\dimen197
\pgf@yy=\dimen198
\pgf@zx=\dimen199
\pgf@zy=\dimen256
) (/usr/share/texlive/texmf-dist/tex/generic/pgf/basiclayer/pgfcorepathconstruct.code.tex
File: pgfcorepathconstruct.code.tex 2023-01-15 v3.1.10 (3.1.10)
\pgf@path@lastx=\dimen257
\pgf@path@lasty=\dimen258
) (/usr/share/texlive/texmf-dist/tex/generic/pgf/basiclayer/pgfcorepathusage.code.tex
File: pgfcorepathusage.code.tex 2023-01-15 v3.1.10 (3.1.10)
\pgf@shorten@end@additional=\dimen259
\pgf@shorten@start@additional=\dimen260
) (/usr/share/texlive/texmf-dist/tex/generic/pgf/basiclayer/pgfcorescopes.code.tex
File: pgfcorescopes.code.tex 2023-01-15 v3.1.10 (3.1.10)
\pgfpic=\box62
\pgf@hbox=\box63
\pgf@layerbox@main=\box64
\pgf@picture@serial@count=\count295
) (/usr/share/texlive/texmf-dist/tex/generic/pgf/basiclayer/pgfcoregraphicstate.code.tex
File: pgfcoregraphicstate.code.tex 2023-01-15 v3.1.10 (3.1.10)
\pgflinewidth=\dimen261
) (/usr/share/texlive/texmf-dist/tex/generic/pgf/basiclayer/pgfcoretransformations.code.tex
File: pgfcoretransformations.code.tex 2023-01-15 v3.1.10 (3.1.10)
\pgf@pt@x=\dimen262
\pgf@pt@y=\dimen263
\pgf@pt@temp=\dimen264
) (/usr/share/texlive/texmf-dist/tex/generic/pgf/basiclayer/pgfcorequick.code.tex
File: pgfcorequick.code.tex 2023-01-15 v3.1.10 (3.1.10)
) (/usr/share/texlive/texmf-dist/tex/generic/pgf/basiclayer/pgfcoreobjects.code.tex
File: pgfcoreobjects.code.tex 2023-01-15 v3.1.10 (3.1.10)
) (/usr/share/texlive/texmf-dist/tex/generic/pgf/basiclayer/pgfcorepathprocessing.code.tex
File: pgfcorepathprocessing.code.tex 2023-01-15 v3.1.10 (3.1.10)
) (/usr/share/texlive/texmf-dist/tex/generic/pgf/basiclayer/pgfcorearrows.code.tex
File: pgfcorearrows.code.tex 2023-01-15 v3.1.10 (3.1.10)
\pgfarrowsep=\dimen265
) (/usr/share/texlive/texmf-dist/tex/generic/pgf/basiclayer/pgfcoreshade.code.tex
File: pgfcoreshade.code.tex 2023-01-15 v3.1.10 (3.1.10)
\pgf@max=\dimen266
\pgf@sys@shading@range@num=\count296
\pgf@shadingcount=\count297
) (/usr/share/texlive/texmf-dist/tex/generic/pgf/basiclayer/pgfcoreimage.code.tex
File: pgfcoreimage.code.tex 2023-01-15 v3.1.10 (3.1.10)
) (/usr/share/texlive/texmf-dist/tex/generic/pgf/basiclayer/pgfcoreexternal.code.tex
File: pgfcoreexternal.code.tex 2023-01-15 v3.1.10 (3.1.10)
\pgfexternal@startupbox=\box65
) (/usr/share/texlive/texmf-dist/tex/generic/pgf/basiclayer/pgfcorelayers.code.tex
File: pgfcorelayers.code.tex 2023-01-15 v3.1.10 (3.1.10)
) (/usr/share/texlive/texmf-dist/tex/generic/pgf/basiclayer/pgfcoretransparency.code.tex
File: pgfcoretransparency.code.tex 2023-01-15 v3.1.10 (3.1.10)
) (/usr/share/texlive/texmf-dist/tex/generic/pgf/basiclayer/pgfcorepatterns.code.tex
File: pgfcorepatterns.code.tex 2023-01-15 v3.1.10 (3.1.10)
) (/usr/share/texlive/texmf-dist/tex/generic/pgf/basiclayer/pgfcorerdf.code.tex
File: pgfcorerdf.code.tex 2023-01-15 v3.1.10 (3.1.10)
))) (/usr/share/texlive/texmf-dist/tex/latex/pgf/utilities/xxcolor.sty
Package: xxcolor 2003/10/24 ver 0.1
\XC@nummixins=\count298
\XC@countmixins=\count299
) (/usr/share/texlive/texmf-dist/tex/latex/base/atbegshi-ltx.sty
Package: atbegshi-ltx 2021/01/10 v1.0c Emulation of the original atbegshi
package with kernel methods
) (/usr/share/texlive/texmf-dist/tex/latex/hyperref/hyperref.sty
Package: hyperref 2024-01-20 v7.01h Hypertext links for LaTeX
 (/usr/share/texlive/texmf-dist/tex/latex/kvsetkeys/kvsetkeys.sty
Package: kvsetkeys 2022-10-05 v1.19 Key value parser (HO)
) (/usr/share/texlive/texmf-dist/tex/generic/kvdefinekeys/kvdefinekeys.sty
Package: kvdefinekeys 2019-12-19 v1.6 Define keys (HO)
) (/usr/share/texlive/texmf-dist/tex/generic/pdfescape/pdfescape.sty
Package: pdfescape 2019/12/09 v1.15 Implements pdfTeX's escape features (HO)
 (/usr/share/texlive/texmf-dist/tex/generic/ltxcmds/ltxcmds.sty
Package: ltxcmds 2023-12-04 v1.26 LaTeX kernel commands for general use (HO)
) (/usr/share/texlive/texmf-dist/tex/generic/pdftexcmds/pdftexcmds.sty
Package: pdftexcmds 2020-06-27 v0.33 Utility functions of pdfTeX for LuaTeX (HO)
 (/usr/share/texlive/texmf-dist/tex/generic/infwarerr/infwarerr.sty
Package: infwarerr 2019/12/03 v1.5 Providing info/warning/error messages (HO)
)
Package pdftexcmds Info: \pdf@primitive is available.
Package pdftexcmds Info: \pdf@ifprimitive is available.
Package pdftexcmds Info: \pdfdraftmode found.
)) (/usr/share/texlive/texmf-dist/tex/latex/hycolor/hycolor.sty
Package: hycolor 2020-01-27 v1.10 Color options for hyperref/bookmark (HO)
) (/usr/share/texlive/texmf-dist/tex/latex/auxhook/auxhook.sty
Package: auxhook 2019-12-17 v1.6 Hooks for auxiliary files (HO)
) (/usr/share/texlive/texmf-dist/tex/latex/hyperref/nameref.sty
Package: nameref 2023-11-26 v2.56 Cross-referencing by name of section
 (/usr/share/texlive/texmf-dist/tex/latex/refcount/refcount.sty
Package: refcount 2019/12/15 v3.6 Data extraction from label references (HO)
) (/usr/share/texlive/texmf-dist/tex/generic/gettitlestring/gettitlestring.sty
Package: gettitlestring 2019/12/15 v1.6 Cleanup title references (HO)
 (/usr/share/texlive/texmf-dist/tex/latex/kvoptions/kvoptions.sty
Package: kvoptions 2022-06-15 v3.15 Key value format for package options (HO)
))
\c@section@level=\count300
)
\@linkdim=\dimen267
\Hy@linkcounter=\count301
\Hy@pagecounter=\count302
 (/usr/share/texlive/texmf-dist/tex/latex/hyperref/pd1enc.def
File: pd1enc.def 2024-01-20 v7.01h Hyperref: PDFDocEncoding definition (HO)
Now handling font encoding PD1 ...
... no UTF-8 mapping file for font encoding PD1
) (/usr/share/texlive/texmf-dist/tex/generic/intcalc/intcalc.sty
Package: intcalc 2019/12/15 v1.3 Expandable calculations with integers (HO)
)
\Hy@SavedSpaceFactor=\count303
 (/usr/share/texlive/texmf-dist/tex/latex/hyperref/puenc.def
File: puenc.def 2024-01-20 v7.01h Hyperref: PDF Unicode definition (HO)
Now handling font encoding PU ...
... no UTF-8 mapping file for font encoding PU
)
Package hyperref Info: Option `bookmarks' set `true' on input line 4062.
Package hyperref Info: Option `bookmarksopen' set `true' on input line 4062.
Package hyperref Info: Option `implicit' set `false' on input line 4062.
Package hyperref Info: Hyper figures OFF on input line 4179.
Package hyperref Info: Link nesting OFF on input line 4184.
Package hyperref Info: Hyper index ON on input line 4187.
Package hyperref Info: Plain pages OFF on input line 4194.
Package hyperref Info: Backreferencing OFF on input line 4199.
Package hyperref Info: Implicit mode OFF; no redefinition of LaTeX internals.
Package hyperref Info: Bookmarks ON on input line 4446.
\c@Hy@tempcnt=\count304
 (/usr/share/texlive/texmf-dist/tex/latex/url/url.sty
\Urlmuskip=\muskip16
Package: url 2013/09/16  ver 3.4  Verb mode for urls, etc.
)
LaTeX Info: Redefining \url on input line 4784.
\XeTeXLinkMargin=\dimen268
 (/usr/share/texlive/texmf-dist/tex/generic/bitset/bitset.sty
Package: bitset 2019/12/09 v1.3 Handle bit-vector datatype (HO)
 (/usr/share/texlive/texmf-dist/tex/generic/bigintcalc/bigintcalc.sty
Package: bigintcalc 2019/12/15 v1.5 Expandable calculations on big integers (HO)
))
\Fld@menulength=\count305
\Field@Width=\dimen269
\Fld@charsize=\dimen270
Package hyperref Info: Hyper figures OFF on input line 6063.
Package hyperref Info: Link nesting OFF on input line 6068.
Package hyperref Info: Hyper index ON on input line 6071.
Package hyperref Info: backreferencing OFF on input line 6078.
Package hyperref Info: Link coloring OFF on input line 6083.
Package hyperref Info: Link coloring with OCG OFF on input line 6088.
Package hyperref Info: PDF/A mode OFF on input line 6093.
\Hy@abspage=\count306


Package hyperref Message: Stopped early.

)
Package hyperref Info: Driver (autodetected): hpdftex.
 (/usr/share/texlive/texmf-dist/tex/latex/hyperref/hpdftex.def
File: hpdftex.def 2024-01-20 v7.01h Hyperref driver for pdfTeX
 (/usr/share/texlive/texmf-dist/tex/latex/base/atveryend-ltx.sty
Package: atveryend-ltx 2020/08/19 v1.0a Emulation of the original atveryend package
with kernel methods
)
\Fld@listcount=\count307
\c@bookmark@seq@number=\count308
 (/usr/share/texlive/texmf-dist/tex/latex/rerunfilecheck/rerunfilecheck.sty
Package: rerunfilecheck 2022-07-10 v1.10 Rerun checks for auxiliary files (HO)
 (/usr/share/texlive/texmf-dist/tex/generic/uniquecounter/uniquecounter.sty
Package: uniquecounter 2019/12/15 v1.4 Provide unlimited unique counter (HO)
)
Package uniquecounter Info: New unique counter `rerunfilecheck' on input line 285.
)) (/usr/share/texlive/texmf-dist/tex/latex/beamer/beamerbaserequires.sty (/usr/share/texlive/texmf-dist/tex/latex/beamer/beamerbasecompatibility.sty) (/usr/share/texlive/texmf-dist/tex/latex/beamer/beamerbasefont.sty (/usr/share/texlive/texmf-dist/tex/latex/amsfonts/amssymb.sty
Package: amssymb 2013/01/14 v3.01 AMS font symbols
 (/usr/share/texlive/texmf-dist/tex/latex/amsfonts/amsfonts.sty
Package: amsfonts 2013/01/14 v3.01 Basic AMSFonts support
\@emptytoks=\toks29
\symAMSa=\mathgroup4
\symAMSb=\mathgroup5
LaTeX Font Info:    Redeclaring math symbol \hbar on input line 98.
LaTeX Font Info:    Overwriting math alphabet `\mathfrak' in version `bold'
(Font)                  U/euf/m/n --> U/euf/b/n on input line 106.
)) (/usr/share/texlive/texmf-dist/tex/latex/sansmathaccent/sansmathaccent.sty
Package: sansmathaccent 2020/01/31
 (/usr/share/texlive/texmf-dist/tex/latex/koma-script/scrlfile.sty
Package: scrlfile 2023/07/07 v3.41 KOMA-Script package (file load hooks)
 (/usr/share/texlive/texmf-dist/tex/latex/koma-script/scrlfile-hook.sty
Package: scrlfile-hook 2023/07/07 v3.41 KOMA-Script package (using LaTeX hooks)
 (/usr/share/texlive/texmf-dist/tex/latex/koma-script/scrlogo.sty
Package: scrlogo 2023/07/07 v3.41 KOMA-Script package (logo)
))))) (/usr/share/texlive/texmf-dist/tex/latex/beamer/beamerbasetranslator.sty (/usr/share/texlive/texmf-dist/tex/latex/translator/translator.sty
Package: translator 2021-05-31 v1.12d Easy translation of strings in LaTeX
)) (/usr/share/texlive/texmf-dist/tex/latex/beamer/beamerbasemisc.sty) (/usr/share/texlive/texmf-dist/tex/latex/beamer/beamerbasetwoscreens.sty) (/usr/share/texlive/texmf-dist/tex/latex/beamer/beamerbaseoverlay.sty
\beamer@argscount=\count309
\beamer@lastskipcover=\skip51
\beamer@trivlistdepth=\count310
) (/usr/share/texlive/texmf-dist/tex/latex/beamer/beamerbasetitle.sty) (/usr/share/texlive/texmf-dist/tex/latex/beamer/beamerbasesection.sty
\c@lecture=\count311
\c@part=\count312
\c@section=\count313
\c@subsection=\count314
\c@subsubsection=\count315
) (/usr/share/texlive/texmf-dist/tex/latex/beamer/beamerbaseframe.sty
\beamer@framebox=\box66
\beamer@frametitlebox=\box67
\beamer@zoombox=\box68
\beamer@zoomcount=\count316
\beamer@zoomframecount=\count317
\beamer@frametextheight=\dimen271
\c@subsectionslide=\count318
\beamer@frametopskip=\skip52
\beamer@framebottomskip=\skip53
\beamer@frametopskipautobreak=\skip54
\beamer@framebottomskipautobreak=\skip55
\beamer@envbody=\toks30
\framewidth=\dimen272
\c@framenumber=\count319
) (/usr/share/texlive/texmf-dist/tex/latex/beamer/beamerbaseverbatim.sty
\beamer@verbatimfileout=\write4
) (/usr/share/texlive/texmf-dist/tex/latex/beamer/beamerbaseframesize.sty
\beamer@splitbox=\box69
\beamer@autobreakcount=\count320
\beamer@autobreaklastheight=\dimen273
\beamer@frametitletoks=\toks31
\beamer@framesubtitletoks=\toks32
) (/usr/share/texlive/texmf-dist/tex/latex/beamer/beamerbaseframecomponents.sty
\beamer@footins=\box70
) (/usr/share/texlive/texmf-dist/tex/latex/beamer/beamerbasecolor.sty) (/usr/share/texlive/texmf-dist/tex/latex/beamer/beamerbasenotes.sty
\beamer@frameboxcopy=\box71
) (/usr/share/texlive/texmf-dist/tex/latex/beamer/beamerbasetoc.sty) (/usr/share/texlive/texmf-dist/tex/latex/beamer/beamerbasetemplates.sty
\beamer@sbttoks=\toks33
 (/usr/share/texlive/texmf-dist/tex/latex/beamer/beamerbaseauxtemplates.sty (/usr/share/texlive/texmf-dist/tex/latex/beamer/beamerbaseboxes.sty
\bmb@box=\box72
\bmb@colorbox=\box73
\bmb@boxwidth=\dimen274
\bmb@boxheight=\dimen275
\bmb@prevheight=\dimen276
\bmb@temp=\dimen277
\bmb@dima=\dimen278
\bmb@dimb=\dimen279
\bmb@prevheight=\dimen280
)
\beamer@blockheadheight=\dimen281
)) (/usr/share/texlive/texmf-dist/tex/latex/beamer/beamerbaselocalstructure.sty (/usr/share/texlive/texmf-dist/tex/latex/tools/enumerate.sty
Package: enumerate 2023/07/04 v3.00 enumerate extensions (DPC)
\@enLab=\toks34
)
\beamer@bibiconwidth=\skip56
\c@figure=\count321
\c@table=\count322
\abovecaptionskip=\skip57
\belowcaptionskip=\skip58
) (/usr/share/texlive/texmf-dist/tex/latex/beamer/beamerbasenavigation.sty (/usr/share/texlive/texmf-dist/tex/latex/beamer/beamerbasenavigationsymbols.tex)
\beamer@section@min@dim=\dimen282
) (/usr/share/texlive/texmf-dist/tex/latex/beamer/beamerbasetheorems.sty (/usr/share/texlive/texmf-dist/tex/latex/amsmath/amsmath.sty
Package: amsmath 2023/05/13 v2.17o AMS math features
\@mathmargin=\skip59

For additional information on amsmath, use the `?' option.
(/usr/share/texlive/texmf-dist/tex/latex/amsmath/amstext.sty
Package: amstext 2021/08/26 v2.01 AMS text
 (/usr/share/texlive/texmf-dist/tex/latex/amsmath/amsgen.sty
File: amsgen.sty 1999/11/30 v2.0 generic functions
\@emptytoks=\toks35
\ex@=\dimen283
)) (/usr/share/texlive/texmf-dist/tex/latex/amsmath/amsbsy.sty
Package: amsbsy 1999/11/29 v1.2d Bold Symbols
\pmbraise@=\dimen284
) (/usr/share/texlive/texmf-dist/tex/latex/amsmath/amsopn.sty
Package: amsopn 2022/04/08 v2.04 operator names
)
\inf@bad=\count323
LaTeX Info: Redefining \frac on input line 234.
\uproot@=\count324
\leftroot@=\count325
LaTeX Info: Redefining \overline on input line 399.
LaTeX Info: Redefining \colon on input line 410.
\classnum@=\count326
\DOTSCASE@=\count327
LaTeX Info: Redefining \ldots on input line 496.
LaTeX Info: Redefining \dots on input line 499.
LaTeX Info: Redefining \cdots on input line 620.
\Mathstrutbox@=\box74
\strutbox@=\box75
LaTeX Info: Redefining \big on input line 722.
LaTeX Info: Redefining \Big on input line 723.
LaTeX Info: Redefining \bigg on input line 724.
LaTeX Info: Redefining \Bigg on input line 725.
\big@size=\dimen285
LaTeX Font Info:    Redeclaring font encoding OML on input line 743.
LaTeX Font Info:    Redeclaring font encoding OMS on input line 744.
\macc@depth=\count328
LaTeX Info: Redefining \bmod on input line 905.
LaTeX Info: Redefining \pmod on input line 910.
LaTeX Info: Redefining \smash on input line 940.
LaTeX Info: Redefining \relbar on input line 970.
LaTeX Info: Redefining \Relbar on input line 971.
\c@MaxMatrixCols=\count329
\dotsspace@=\muskip17
\c@parentequation=\count330
\dspbrk@lvl=\count331
\tag@help=\toks36
\row@=\count332
\column@=\count333
\maxfields@=\count334
\andhelp@=\toks37
\eqnshift@=\dimen286
\alignsep@=\dimen287
\tagshift@=\dimen288
\tagwidth@=\dimen289
\totwidth@=\dimen290
\lineht@=\dimen291
\@envbody=\toks38
\multlinegap=\skip60
\multlinetaggap=\skip61
\mathdisplay@stack=\toks39
LaTeX Info: Redefining \[ on input line 2953.
LaTeX Info: Redefining \] on input line 2954.
) (/usr/share/texlive/texmf-dist/tex/latex/amscls/amsthm.sty
Package: amsthm 2020/05/29 v2.20.6
\thm@style=\toks40
\thm@bodyfont=\toks41
\thm@headfont=\toks42
\thm@notefont=\toks43
\thm@headpunct=\toks44
\thm@preskip=\skip62
\thm@postskip=\skip63
\thm@headsep=\skip64
\dth@everypar=\toks45
)
\c@theorem=\count335
) (/usr/share/texlive/texmf-dist/tex/latex/beamer/beamerbasethemes.sty)) (/usr/share/texlive/texmf-dist/tex/latex/beamer/beamerthemedefault.sty (/usr/share/texlive/texmf-dist/tex/latex/beamer/beamerfontthemedefault.sty) (/usr/share/texlive/texmf-dist/tex/latex/beamer/beamercolorthemedefault.sty) (/usr/share/texlive/texmf-dist/tex/latex/beamer/beamerinnerthemedefault.sty
\beamer@dima=\dimen292
\beamer@dimb=\dimen293
) (/usr/share/texlive/texmf-dist/tex/latex/beamer/beamerouterthemedefault.sty))) (/usr/share/texlive/texmf-dist/tex/latex/import/import.sty
Package: import 2020/04/01  v 6.2
) (./Preamble_Poster.tex (/usr/share/texlive/texmf-dist/tex/latex/base/inputenc.sty
Package: inputenc 2021/02/14 v1.3d Input encoding file
\inpenc@prehook=\toks46
\inpenc@posthook=\toks47
) (/usr/share/texlive/texmf-dist/tex/latex/base/fontenc.sty
Package: fontenc 2021/04/29 v2.0v Standard LaTeX package
 (/usr/share/texlive/texmf-dist/tex/latex/greek-fontenc/lgrenc.def
File: lgrenc.def 2023-09-12 2.5 LGR Greek font encoding definitions
Now handling font encoding LGR ...
... processing UTF-8 mapping file for font encoding LGR
 (/usr/share/texlive/texmf-dist/tex/latex/greek-inputenc/lgrenc.dfu
File: lgrenc.dfu 2023-03-21 1.9 UTF-8 support for Greek
   defining Unicode char U+00A8 (decimal 168)
   defining Unicode char U+00AB (decimal 171)
   defining Unicode char U+00AF (decimal 175)
   defining Unicode char U+00B4 (decimal 180)
   defining Unicode char U+00B7 (decimal 183)
   defining Unicode char U+00BB (decimal 187)
   defining Unicode char U+0259 (decimal 601)
   defining Unicode char U+02D8 (decimal 728)
   defining Unicode char U+0374 (decimal 884)
   defining Unicode char U+0375 (decimal 885)
   defining Unicode char U+037A (decimal 890)
   defining Unicode char U+037E (decimal 894)
   defining Unicode char U+0384 (decimal 900)
   defining Unicode char U+0385 (decimal 901)
   defining Unicode char U+0386 (decimal 902)
   defining Unicode char U+0387 (decimal 903)
   defining Unicode char U+0388 (decimal 904)
   defining Unicode char U+0389 (decimal 905)
   defining Unicode char U+038A (decimal 906)
   defining Unicode char U+038C (decimal 908)
   defining Unicode char U+038E (decimal 910)
   defining Unicode char U+038F (decimal 911)
   defining Unicode char U+0390 (decimal 912)
   defining Unicode char U+0391 (decimal 913)
   defining Unicode char U+0392 (decimal 914)
   defining Unicode char U+0393 (decimal 915)
   defining Unicode char U+0394 (decimal 916)
   defining Unicode char U+0395 (decimal 917)
   defining Unicode char U+0396 (decimal 918)
   defining Unicode char U+0397 (decimal 919)
   defining Unicode char U+0398 (decimal 920)
   defining Unicode char U+0399 (decimal 921)
   defining Unicode char U+039A (decimal 922)
   defining Unicode char U+039B (decimal 923)
   defining Unicode char U+039C (decimal 924)
   defining Unicode char U+039D (decimal 925)
   defining Unicode char U+039E (decimal 926)
   defining Unicode char U+039F (decimal 927)
   defining Unicode char U+03A0 (decimal 928)
   defining Unicode char U+03A1 (decimal 929)
   defining Unicode char U+03A3 (decimal 931)
   defining Unicode char U+03A4 (decimal 932)
   defining Unicode char U+03A5 (decimal 933)
   defining Unicode char U+03A6 (decimal 934)
   defining Unicode char U+03A7 (decimal 935)
   defining Unicode char U+03A8 (decimal 936)
   defining Unicode char U+03A9 (decimal 937)
   defining Unicode char U+03AA (decimal 938)
   defining Unicode char U+03AB (decimal 939)
   defining Unicode char U+03AC (decimal 940)
   defining Unicode char U+03AD (decimal 941)
   defining Unicode char U+03AE (decimal 942)
   defining Unicode char U+03AF (decimal 943)
   defining Unicode char U+03B0 (decimal 944)
   defining Unicode char U+03B1 (decimal 945)
   defining Unicode char U+03B2 (decimal 946)
   defining Unicode char U+03B3 (decimal 947)
   defining Unicode char U+03B4 (decimal 948)
   defining Unicode char U+03B5 (decimal 949)
   defining Unicode char U+03B6 (decimal 950)
   defining Unicode char U+03B7 (decimal 951)
   defining Unicode char U+03B8 (decimal 952)
   defining Unicode char U+03B9 (decimal 953)
   defining Unicode char U+03BA (decimal 954)
   defining Unicode char U+03BB (decimal 955)
   defining Unicode char U+03BC (decimal 956)
   defining Unicode char U+03BD (decimal 957)
   defining Unicode char U+03BE (decimal 958)
   defining Unicode char U+03BF (decimal 959)
   defining Unicode char U+03C0 (decimal 960)
   defining Unicode char U+03C1 (decimal 961)
   defining Unicode char U+03C2 (decimal 962)
   defining Unicode char U+03C3 (decimal 963)
   defining Unicode char U+03C4 (decimal 964)
   defining Unicode char U+03C5 (decimal 965)
   defining Unicode char U+03C6 (decimal 966)
   defining Unicode char U+03C7 (decimal 967)
   defining Unicode char U+03C8 (decimal 968)
   defining Unicode char U+03C9 (decimal 969)
   defining Unicode char U+03CA (decimal 970)
   defining Unicode char U+03CB (decimal 971)
   defining Unicode char U+03CC (decimal 972)
   defining Unicode char U+03CD (decimal 973)
   defining Unicode char U+03CE (decimal 974)
   defining Unicode char U+03D0 (decimal 976)
   defining Unicode char U+03D1 (decimal 977)
   defining Unicode char U+03D5 (decimal 981)
   defining Unicode char U+03D6 (decimal 982)
   defining Unicode char U+03D8 (decimal 984)
   defining Unicode char U+03D9 (decimal 985)
   defining Unicode char U+03DA (decimal 986)
   defining Unicode char U+03DB (decimal 987)
   defining Unicode char U+03DC (decimal 988)
   defining Unicode char U+03DD (decimal 989)
   defining Unicode char U+03DE (decimal 990)
   defining Unicode char U+03DF (decimal 991)
   defining Unicode char U+03E0 (decimal 992)
   defining Unicode char U+03E1 (decimal 993)
   defining Unicode char U+03F0 (decimal 1008)
   defining Unicode char U+03F1 (decimal 1009)
   defining Unicode char U+03F4 (decimal 1012)
   defining Unicode char U+03F5 (decimal 1013)
   defining Unicode char U+1F00 (decimal 7936)
   defining Unicode char U+1F01 (decimal 7937)
   defining Unicode char U+1F02 (decimal 7938)
   defining Unicode char U+1F03 (decimal 7939)
   defining Unicode char U+1F04 (decimal 7940)
   defining Unicode char U+1F05 (decimal 7941)
   defining Unicode char U+1F06 (decimal 7942)
   defining Unicode char U+1F07 (decimal 7943)
   defining Unicode char U+1F08 (decimal 7944)
   defining Unicode char U+1F09 (decimal 7945)
   defining Unicode char U+1F0A (decimal 7946)
   defining Unicode char U+1F0B (decimal 7947)
   defining Unicode char U+1F0C (decimal 7948)
   defining Unicode char U+1F0D (decimal 7949)
   defining Unicode char U+1F0E (decimal 7950)
   defining Unicode char U+1F0F (decimal 7951)
   defining Unicode char U+1F10 (decimal 7952)
   defining Unicode char U+1F11 (decimal 7953)
   defining Unicode char U+1F12 (decimal 7954)
   defining Unicode char U+1F13 (decimal 7955)
   defining Unicode char U+1F14 (decimal 7956)
   defining Unicode char U+1F15 (decimal 7957)
   defining Unicode char U+1F18 (decimal 7960)
   defining Unicode char U+1F19 (decimal 7961)
   defining Unicode char U+1F1A (decimal 7962)
   defining Unicode char U+1F1B (decimal 7963)
   defining Unicode char U+1F1C (decimal 7964)
   defining Unicode char U+1F1D (decimal 7965)
   defining Unicode char U+1F20 (decimal 7968)
   defining Unicode char U+1F21 (decimal 7969)
   defining Unicode char U+1F22 (decimal 7970)
   defining Unicode char U+1F23 (decimal 7971)
   defining Unicode char U+1F24 (decimal 7972)
   defining Unicode char U+1F25 (decimal 7973)
   defining Unicode char U+1F26 (decimal 7974)
   defining Unicode char U+1F27 (decimal 7975)
   defining Unicode char U+1F28 (decimal 7976)
   defining Unicode char U+1F29 (decimal 7977)
   defining Unicode char U+1F2A (decimal 7978)
   defining Unicode char U+1F2B (decimal 7979)
   defining Unicode char U+1F2C (decimal 7980)
   defining Unicode char U+1F2D (decimal 7981)
   defining Unicode char U+1F2E (decimal 7982)
   defining Unicode char U+1F2F (decimal 7983)
   defining Unicode char U+1F30 (decimal 7984)
   defining Unicode char U+1F31 (decimal 7985)
   defining Unicode char U+1F32 (decimal 7986)
   defining Unicode char U+1F33 (decimal 7987)
   defining Unicode char U+1F34 (decimal 7988)
   defining Unicode char U+1F35 (decimal 7989)
   defining Unicode char U+1F36 (decimal 7990)
   defining Unicode char U+1F37 (decimal 7991)
   defining Unicode char U+1F38 (decimal 7992)
   defining Unicode char U+1F39 (decimal 7993)
   defining Unicode char U+1F3A (decimal 7994)
   defining Unicode char U+1F3B (decimal 7995)
   defining Unicode char U+1F3C (decimal 7996)
   defining Unicode char U+1F3D (decimal 7997)
   defining Unicode char U+1F3E (decimal 7998)
   defining Unicode char U+1F3F (decimal 7999)
   defining Unicode char U+1F40 (decimal 8000)
   defining Unicode char U+1F41 (decimal 8001)
   defining Unicode char U+1F42 (decimal 8002)
   defining Unicode char U+1F43 (decimal 8003)
   defining Unicode char U+1F44 (decimal 8004)
   defining Unicode char U+1F45 (decimal 8005)
   defining Unicode char U+1F48 (decimal 8008)
   defining Unicode char U+1F49 (decimal 8009)
   defining Unicode char U+1F4A (decimal 8010)
   defining Unicode char U+1F4B (decimal 8011)
   defining Unicode char U+1F4C (decimal 8012)
   defining Unicode char U+1F4D (decimal 8013)
   defining Unicode char U+1F50 (decimal 8016)
   defining Unicode char U+1F51 (decimal 8017)
   defining Unicode char U+1F52 (decimal 8018)
   defining Unicode char U+1F53 (decimal 8019)
   defining Unicode char U+1F54 (decimal 8020)
   defining Unicode char U+1F55 (decimal 8021)
   defining Unicode char U+1F56 (decimal 8022)
   defining Unicode char U+1F57 (decimal 8023)
   defining Unicode char U+1F59 (decimal 8025)
   defining Unicode char U+1F5B (decimal 8027)
   defining Unicode char U+1F5D (decimal 8029)
   defining Unicode char U+1F5F (decimal 8031)
   defining Unicode char U+1F60 (decimal 8032)
   defining Unicode char U+1F61 (decimal 8033)
   defining Unicode char U+1F62 (decimal 8034)
   defining Unicode char U+1F63 (decimal 8035)
   defining Unicode char U+1F64 (decimal 8036)
   defining Unicode char U+1F65 (decimal 8037)
   defining Unicode char U+1F66 (decimal 8038)
   defining Unicode char U+1F67 (decimal 8039)
   defining Unicode char U+1F68 (decimal 8040)
   defining Unicode char U+1F69 (decimal 8041)
   defining Unicode char U+1F6A (decimal 8042)
   defining Unicode char U+1F6B (decimal 8043)
   defining Unicode char U+1F6C (decimal 8044)
   defining Unicode char U+1F6D (decimal 8045)
   defining Unicode char U+1F6E (decimal 8046)
   defining Unicode char U+1F6F (decimal 8047)
   defining Unicode char U+1F70 (decimal 8048)
   defining Unicode char U+1F71 (decimal 8049)
   defining Unicode char U+1F72 (decimal 8050)
   defining Unicode char U+1F73 (decimal 8051)
   defining Unicode char U+1F74 (decimal 8052)
   defining Unicode char U+1F75 (decimal 8053)
   defining Unicode char U+1F76 (decimal 8054)
   defining Unicode char U+1F77 (decimal 8055)
   defining Unicode char U+1F78 (decimal 8056)
   defining Unicode char U+1F79 (decimal 8057)
   defining Unicode char U+1F7A (decimal 8058)
   defining Unicode char U+1F7B (decimal 8059)
   defining Unicode char U+1F7C (decimal 8060)
   defining Unicode char U+1F7D (decimal 8061)
   defining Unicode char U+1F80 (decimal 8064)
   defining Unicode char U+1F81 (decimal 8065)
   defining Unicode char U+1F82 (decimal 8066)
   defining Unicode char U+1F83 (decimal 8067)
   defining Unicode char U+1F84 (decimal 8068)
   defining Unicode char U+1F85 (decimal 8069)
   defining Unicode char U+1F86 (decimal 8070)
   defining Unicode char U+1F87 (decimal 8071)
   defining Unicode char U+1F88 (decimal 8072)
   defining Unicode char U+1F89 (decimal 8073)
   defining Unicode char U+1F8A (decimal 8074)
   defining Unicode char U+1F8B (decimal 8075)
   defining Unicode char U+1F8C (decimal 8076)
   defining Unicode char U+1F8D (decimal 8077)
   defining Unicode char U+1F8E (decimal 8078)
   defining Unicode char U+1F8F (decimal 8079)
   defining Unicode char U+1F90 (decimal 8080)
   defining Unicode char U+1F91 (decimal 8081)
   defining Unicode char U+1F92 (decimal 8082)
   defining Unicode char U+1F93 (decimal 8083)
   defining Unicode char U+1F94 (decimal 8084)
   defining Unicode char U+1F95 (decimal 8085)
   defining Unicode char U+1F96 (decimal 8086)
   defining Unicode char U+1F97 (decimal 8087)
   defining Unicode char U+1F98 (decimal 8088)
   defining Unicode char U+1F99 (decimal 8089)
   defining Unicode char U+1F9A (decimal 8090)
   defining Unicode char U+1F9B (decimal 8091)
   defining Unicode char U+1F9C (decimal 8092)
   defining Unicode char U+1F9D (decimal 8093)
   defining Unicode char U+1F9E (decimal 8094)
   defining Unicode char U+1F9F (decimal 8095)
   defining Unicode char U+1FA0 (decimal 8096)
   defining Unicode char U+1FA1 (decimal 8097)
   defining Unicode char U+1FA2 (decimal 8098)
   defining Unicode char U+1FA3 (decimal 8099)
   defining Unicode char U+1FA4 (decimal 8100)
   defining Unicode char U+1FA5 (decimal 8101)
   defining Unicode char U+1FA6 (decimal 8102)
   defining Unicode char U+1FA7 (decimal 8103)
   defining Unicode char U+1FA8 (decimal 8104)
   defining Unicode char U+1FA9 (decimal 8105)
   defining Unicode char U+1FAA (decimal 8106)
   defining Unicode char U+1FAB (decimal 8107)
   defining Unicode char U+1FAC (decimal 8108)
   defining Unicode char U+1FAD (decimal 8109)
   defining Unicode char U+1FAE (decimal 8110)
   defining Unicode char U+1FAF (decimal 8111)
   defining Unicode char U+1FB0 (decimal 8112)
   defining Unicode char U+1FB1 (decimal 8113)
   defining Unicode char U+1FB2 (decimal 8114)
   defining Unicode char U+1FB3 (decimal 8115)
   defining Unicode char U+1FB4 (decimal 8116)
   defining Unicode char U+1FB6 (decimal 8118)
   defining Unicode char U+1FB7 (decimal 8119)
   defining Unicode char U+1FB8 (decimal 8120)
   defining Unicode char U+1FB9 (decimal 8121)
   defining Unicode char U+1FBA (decimal 8122)
   defining Unicode char U+1FBB (decimal 8123)
   defining Unicode char U+1FBC (decimal 8124)
   defining Unicode char U+1FBD (decimal 8125)
   defining Unicode char U+1FBE (decimal 8126)
   defining Unicode char U+1FBF (decimal 8127)
   defining Unicode char U+1FC0 (decimal 8128)
   defining Unicode char U+1FC1 (decimal 8129)
   defining Unicode char U+1FC2 (decimal 8130)
   defining Unicode char U+1FC3 (decimal 8131)
   defining Unicode char U+1FC4 (decimal 8132)
   defining Unicode char U+1FC6 (decimal 8134)
   defining Unicode char U+1FC7 (decimal 8135)
   defining Unicode char U+1FC8 (decimal 8136)
   defining Unicode char U+1FC9 (decimal 8137)
   defining Unicode char U+1FCA (decimal 8138)
   defining Unicode char U+1FCB (decimal 8139)
   defining Unicode char U+1FCC (decimal 8140)
   defining Unicode char U+1FCD (decimal 8141)
   defining Unicode char U+1FCE (decimal 8142)
   defining Unicode char U+1FCF (decimal 8143)
   defining Unicode char U+1FD0 (decimal 8144)
   defining Unicode char U+1FD1 (decimal 8145)
   defining Unicode char U+1FD2 (decimal 8146)
   defining Unicode char U+1FD3 (decimal 8147)
   defining Unicode char U+1FD6 (decimal 8150)
   defining Unicode char U+1FD7 (decimal 8151)
   defining Unicode char U+1FD8 (decimal 8152)
   defining Unicode char U+1FD9 (decimal 8153)
   defining Unicode char U+1FDA (decimal 8154)
   defining Unicode char U+1FDB (decimal 8155)
   defining Unicode char U+1FDD (decimal 8157)
   defining Unicode char U+1FDE (decimal 8158)
   defining Unicode char U+1FDF (decimal 8159)
   defining Unicode char U+1FE0 (decimal 8160)
   defining Unicode char U+1FE1 (decimal 8161)
   defining Unicode char U+1FE2 (decimal 8162)
   defining Unicode char U+1FE3 (decimal 8163)
   defining Unicode char U+1FE4 (decimal 8164)
   defining Unicode char U+1FE5 (decimal 8165)
   defining Unicode char U+1FE6 (decimal 8166)
   defining Unicode char U+1FE7 (decimal 8167)
   defining Unicode char U+1FE8 (decimal 8168)
   defining Unicode char U+1FE9 (decimal 8169)
   defining Unicode char U+1FEA (decimal 8170)
   defining Unicode char U+1FEB (decimal 8171)
   defining Unicode char U+1FEC (decimal 8172)
   defining Unicode char U+1FED (decimal 8173)
   defining Unicode char U+1FEE (decimal 8174)
   defining Unicode char U+1FEF (decimal 8175)
   defining Unicode char U+1FF2 (decimal 8178)
   defining Unicode char U+1FF3 (decimal 8179)
   defining Unicode char U+1FF4 (decimal 8180)
   defining Unicode char U+1FF6 (decimal 8182)
   defining Unicode char U+1FF7 (decimal 8183)
   defining Unicode char U+1FF8 (decimal 8184)
   defining Unicode char U+1FF9 (decimal 8185)
   defining Unicode char U+1FFA (decimal 8186)
   defining Unicode char U+1FFB (decimal 8187)
   defining Unicode char U+1FFC (decimal 8188)
   defining Unicode char U+1FFD (decimal 8189)
   defining Unicode char U+1FFE (decimal 8190)
   defining Unicode char U+2013 (decimal 8211)
   defining Unicode char U+2014 (decimal 8212)
   defining Unicode char U+2018 (decimal 8216)
   defining Unicode char U+2019 (decimal 8217)
   defining Unicode char U+201A (decimal 8218)
   defining Unicode char U+2030 (decimal 8240)
   defining Unicode char U+2039 (decimal 8249)
   defining Unicode char U+203A (decimal 8250)
   defining Unicode char U+20AC (decimal 8364)
   defining Unicode char U+2126 (decimal 8486)
   defining Unicode char U+10144 (decimal 65860)
   defining Unicode char U+10145 (decimal 65861)
   defining Unicode char U+10146 (decimal 65862)
   defining Unicode char U+10147 (decimal 65863)
) (/usr/share/texlive/texmf-dist/tex/latex/greek-fontenc/greek-fontenc.def
File: greek-fontenc.def 2023-09-12 2.5 Common Greek font encoding definitions
))) (/usr/share/texlive/texmf-dist/tex/generic/babel/babel.sty
Package: babel 2024/01/07 v24.1 The Babel package
\babel@savecnt=\count336
\U@D=\dimen294
\l@unhyphenated=\language89
 (/usr/share/texlive/texmf-dist/tex/generic/babel/txtbabel.def)
\bbl@readstream=\read3
LaTeX Info: Redefining \textlatin on input line 3986.
\bbl@dirlevel=\count337
 (/usr/share/texlive/texmf-dist/tex/generic/babel-german/ngerman.ldf
Language: ngerman 2024/01/19 v2.14 German support for babel (post-1996 orthography)
 (/usr/share/texlive/texmf-dist/tex/generic/babel-german/ngermanb.ldf
Language: ngermanb 2024/01/19 v2.14 German support for babel (post-1996 orthography)
Package babel Info: Making " an active character on input line 122.
)) (/usr/share/texlive/texmf-dist/tex/generic/babel-english/american.ldf
Language: american 2017/06/06 v3.3r English support from the babel system
 (/usr/share/texlive/texmf-dist/tex/generic/babel-english/english.ldf
Language: english 2017/06/06 v3.3r English support from the babel system
Package babel Info: Hyphen rules for 'canadian' set to \l@english
(babel)             (\language0). Reported on input line 102.
Package babel Info: Hyphen rules for 'australian' set to \l@ukenglish
(babel)             (\language79). Reported on input line 105.
Package babel Info: Hyphen rules for 'newzealand' set to \l@ukenglish
(babel)             (\language79). Reported on input line 108.
)) (/usr/share/texlive/texmf-dist/tex/generic/babel-english/USenglish.ldf
Language: USenglish 2017/06/06 v3.3r English support from the babel system
 (/usr/share/texlive/texmf-dist/tex/generic/babel-english/english.ldf
Language: english 2017/06/06 v3.3r English support from the babel system
))) (/usr/share/texlive/texmf-dist/tex/generic/babel/locale/en/babel-usenglish.tex
Package babel Info: Importing font and identification data for USenglish
(babel)             from babel-en-US.ini. Reported on input line 11.
) (/usr/share/texlive/texmf-dist/tex/generic/babel/locale/en/babel-american.tex
Package babel Info: Importing font and identification data for american
(babel)             from babel-en-US.ini. Reported on input line 11.
) (/usr/share/texlive/texmf-dist/tex/generic/babel/locale/de/babel-ngerman.tex
Package babel Info: Importing font and identification data for ngerman
(babel)             from babel-de.ini. Reported on input line 11.
) (/usr/share/texlive/texmf-dist/tex/latex/tools/calc.sty
Package: calc 2023/07/08 v4.3 Infix arithmetic (KKT,FJ)
\calc@Acount=\count338
\calc@Bcount=\count339
\calc@Adimen=\dimen295
\calc@Bdimen=\dimen296
\calc@Askip=\skip65
\calc@Bskip=\skip66
LaTeX Info: Redefining \setlength on input line 80.
LaTeX Info: Redefining \addtolength on input line 81.
\calc@Ccount=\count340
\calc@Cskip=\skip67
) (/usr/share/texlive/texmf-dist/tex/latex/fp/fp.sty
Package: fp 1995/04/02
 `Fixed Point Package', Version 0.8, April 2, 1995 (C) Michael Mehlich (/usr/share/texlive/texmf-dist/tex/latex/fp/defpattern.sty
Package: defpattern 1994/10/12
\actioncount=\count341
) (/usr/share/texlive/texmf-dist/tex/latex/fp/fp-basic.sty
Package: fp-basic 1996/05/13
\FP@xs=\count342
\FP@xia=\count343
\FP@xib=\count344
\FP@xfa=\count345
\FP@xfb=\count346
\FP@rega=\count347
\FP@regb=\count348
\FP@regs=\count349
\FP@times=\count350
) (/usr/share/texlive/texmf-dist/tex/latex/fp/fp-addons.sty
Package: fp-addons 1995/03/15
) (/usr/share/texlive/texmf-dist/tex/latex/fp/fp-snap.sty
Package: fp-snap 1995/04/05
) (/usr/share/texlive/texmf-dist/tex/latex/fp/fp-exp.sty
Package: fp-exp 1995/04/03
) (/usr/share/texlive/texmf-dist/tex/latex/fp/fp-trigo.sty
Package: fp-trigo 1995/04/14
) (/usr/share/texlive/texmf-dist/tex/latex/fp/fp-pas.sty
Package: fp-pas 1994/08/29
) (/usr/share/texlive/texmf-dist/tex/latex/fp/fp-random.sty
Package: fp-random 1995/02/23
\FPseed=\count351
) (/usr/share/texlive/texmf-dist/tex/latex/fp/fp-eqn.sty
Package: fp-eqn 1995/04/03
) (/usr/share/texlive/texmf-dist/tex/latex/fp/fp-upn.sty
Package: fp-upn 1996/10/21
) (/usr/share/texlive/texmf-dist/tex/latex/fp/fp-eval.sty
Package: fp-eval 1995/04/03
)) (/usr/share/texlive/texmf-dist/tex/latex/xpatch/xpatch.sty (/usr/share/texlive/texmf-dist/tex/latex/l3kernel/expl3.sty
Package: expl3 2024-01-22 L3 programming layer (loader) 
 (/usr/share/texlive/texmf-dist/tex/latex/l3backend/l3backend-pdftex.def
File: l3backend-pdftex.def 2024-01-04 L3 backend support: PDF output (pdfTeX)
\l__color_backend_stack_int=\count352
\l__pdf_internal_box=\box76
))
Package: xpatch 2020/03/25 v0.3a Extending etoolbox patching commands
 (/usr/share/texlive/texmf-dist/tex/latex/l3packages/xparse/xparse.sty
Package: xparse 2023-10-10 L3 Experimental document command parser
))
Package hyperref Info: Option `colorlinks' set `true' on input line 48.
 (/usr/share/texlive/texmf-dist/tex/latex/textpos/textpos.sty
Package: textpos 2022/07/23 v1.10.1
Package textpos Info: choosing support for LaTeX3 on input line 60.
\TP@textbox=\box77
\TP@holdbox=\box78
\TPHorizModule=\dimen297
\TPVertModule=\dimen298
\TP@margin=\dimen299
\TP@absmargin=\dimen300

Grid set 16 x 16 = 22.7622pt x 17.07166pt
\TPboxrulesize=\dimen301
\TP@ox=\dimen302
\TP@oy=\dimen303
\TP@tbargs=\toks48
TextBlockOrigin set to 0pt x 0pt
) (/usr/share/texlive/texmf-dist/tex/latex/ragged2e/ragged2e.sty
Package: ragged2e 2023/06/22 v3.6 ragged2e Package
\CenteringLeftskip=\skip68
\RaggedLeftLeftskip=\skip69
\RaggedRightLeftskip=\skip70
\CenteringRightskip=\skip71
\RaggedLeftRightskip=\skip72
\RaggedRightRightskip=\skip73
\CenteringParfillskip=\skip74
\RaggedLeftParfillskip=\skip75
\RaggedRightParfillskip=\skip76
\JustifyingParfillskip=\skip77
\CenteringParindent=\skip78
\RaggedLeftParindent=\skip79
\RaggedRightParindent=\skip80
\JustifyingParindent=\skip81
) (/usr/share/texlive/texmf-dist/tex/latex/microtype/microtype.sty
Package: microtype 2023/03/13 v3.1a Micro-typographical refinements (RS)
\MT@toks=\toks49
\MT@tempbox=\box79
\MT@count=\count353
LaTeX Info: Redefining \noprotrusionifhmode on input line 1059.
LaTeX Info: Redefining \leftprotrusion on input line 1060.
\MT@prot@toks=\toks50
LaTeX Info: Redefining \rightprotrusion on input line 1078.
LaTeX Info: Redefining \textls on input line 1368.
\MT@outer@kern=\dimen304
LaTeX Info: Redefining \textmicrotypecontext on input line 1988.
\MT@listname@count=\count354
 (/usr/share/texlive/texmf-dist/tex/latex/microtype/microtype-pdftex.def
File: microtype-pdftex.def 2023/03/13 v3.1a Definitions specific to pdftex (RS)
LaTeX Info: Redefining \lsstyle on input line 902.
LaTeX Info: Redefining \lslig on input line 902.
\MT@outer@space=\skip82
)
Package microtype Info: Loading configuration file microtype.cfg.
 (/usr/share/texlive/texmf-dist/tex/latex/microtype/microtype.cfg
File: microtype.cfg 2023/03/13 v3.1a microtype main configuration file (RS)
))
\sympureletters=\mathgroup6
LaTeX Font Info:    Overwriting symbol font `pureletters' in version `bold'
(Font)                  OT1/mathkerncmss/m/sl --> OT1/mathkerncmss/bx/sl on input line 75.
 (/usr/share/texlive/texmf-dist/tex/latex/tools/bm.sty
Package: bm 2023/07/08 v1.2f Bold Symbol Support (DPC/FMi)
Package bm Info: No bold for \OMX/cmex/m/n, using \pmb.
Package bm Info: No bold for \U/msa/m/n, using \pmb.
Package bm Info: No bold for \U/msb/m/n, using \pmb.
) (/usr/share/texlive/texmf-dist/tex/latex/tabularray/tabularray.sty
Package: tabularray 2023-03-01 v2023A Typeset tabulars and arrays with LaTeX3
\l__tblr_a_int=\count355
\l__tblr_c_int=\count356
\l__tblr_r_int=\count357
\l__tblr_d_dim=\dimen305
\l__tblr_h_dim=\dimen306
\l__tblr_o_dim=\dimen307
\l__tblr_p_dim=\dimen308
\l__tblr_q_dim=\dimen309
\l__tblr_r_dim=\dimen310
\l__tblr_s_dim=\dimen311
\l__tblr_t_dim=\dimen312
\l__tblr_v_dim=\dimen313
\l__tblr_w_dim=\dimen314
\l__tblr_a_box=\box80
\l__tblr_b_box=\box81
\l__tblr_c_box=\box82
\l__tblr_d_box=\box83
\g__tblr_table_count_int=\count358
\c@rownum=\count359
\c@colnum=\count360
\c@rowcount=\count361
\c@colcount=\count362
\abovesep=\dimen315
\belowsep=\dimen316
\leftsep=\dimen317
\rightsep=\dimen318
\g_tblr_level_int=\count363
\g__tblr_data_row_key_count_int=\count364
\g__tblr_data_column_key_count_int=\count365
\g__tblr_data_cell_key_count_int=\count366
\g__tblr_array_int=\count367
\l__tblr_key_count_int=\count368
\l__tblr_key_quotient_int=\count369
\l__tblr_key_quotient_two_int=\count370
\l__tblr_key_remainder_int=\count371
\g__tblr_data_str_value_count_int=\count372
\rulewidth=\dimen319
\l__tblr_strut_dp_dim=\dimen320
\l__tblr_strut_ht_dim=\dimen321
\g__tblr_cell_wd_dim=\dimen322
\g__tblr_cell_ht_dim=\dimen323
\g__tblr_cell_head_dim=\dimen324
\g__tblr_cell_foot_dim=\dimen325
\l__column_target_dim=\dimen326
\l__tblr_caption_box=\box84
\l__tblr_caption_left_box=\box85
\l__tblr_row_head_box=\box86
\l__tblr_row_foot_box=\box87
\l__tblr_row_head_foot_dim=\dimen327
\tablewidth=\dimen328
\l__tblr_table_firsthead_box=\box88
\l__tblr_table_middlehead_box=\box89
\l__tblr_table_lasthead_box=\box90
\l__tblr_table_firstfoot_box=\box91
\l__tblr_table_middlefoot_box=\box92
\l__tblr_table_lastfoot_box=\box93
\l__tblr_remain_height_dim=\dimen329
\l__tblr_long_from_int=\count373
\l__tblr_long_to_int=\count374
\l__tblr_curr_i_int=\count375
\l__tblr_prev_i_int=\count376
\l__tblr_table_page_int=\count377
\l__tblr_table_head_box=\box94
\l__tblr_table_foot_box=\box95
\l__tblr_table_head_foot_dim=\dimen330
\l__tblr_table_head_body_foot_dim=\dimen331
\l__tblr_table_box=\box96
\l__tblr_table_hlines_box=\box97
\l__tblr_hline_box=\box98
\l__tblr_row_box=\box99
\l__tblr_col_o_wd_dim=\dimen332
\l__tblr_col_b_wd_dim=\dimen333
\l__tblr_hline_leftskip_dim=\dimen334
\l__tblr_hline_rightskip_dim=\dimen335
\l__tblr_row_ht_dim=\dimen336
\l__tblr_row_dp_dim=\dimen337
\l__tblr_row_abovesep_dim=\dimen338
\l__tblr_row_belowsep_dim=\dimen339
\l__tblr_row_vlines_box=\box100
\l__tblr_vline_box=\box101
\l__tblr_cell_box=\box102
\l__row_upper_dim=\dimen340
\l__row_lower_dim=\dimen341
\l__row_vpace_dim=\dimen342
\l__tblr_vline_aboveskip_dim=\dimen343
\l__tblr_vline_belowskip_dim=\dimen344
\l__tblr_cell_wd_dim=\dimen345
\l__tblr_cell_ht_dim=\dimen346
\l__tblr_diag_box=\box103
) (/usr/share/texlive/texmf-dist/tex/latex/booktabs/booktabs.sty
Package: booktabs 2020/01/12 v1.61803398 Publication quality tables
\heavyrulewidth=\dimen347
\lightrulewidth=\dimen348
\cmidrulewidth=\dimen349
\belowrulesep=\dimen350
\belowbottomsep=\dimen351
\aboverulesep=\dimen352
\abovetopsep=\dimen353
\cmidrulesep=\dimen354
\cmidrulekern=\dimen355
\defaultaddspace=\dimen356
\@cmidla=\count378
\@cmidlb=\count379
\@aboverulesep=\dimen357
\@belowrulesep=\dimen358
\@thisruleclass=\count380
\@lastruleclass=\count381
\@thisrulewidth=\dimen359
) (/usr/share/texlive/texmf-dist/tex/latex/siunitx/siunitx.sty
Package: siunitx 2024-01-25 v3.3.10 A comprehensive (SI) units package
\l__siunitx_number_uncert_offset_int=\count382
\l__siunitx_number_exponent_fixed_int=\count383
\l__siunitx_number_min_decimal_int=\count384
\l__siunitx_number_min_integer_int=\count385
\l__siunitx_number_round_precision_int=\count386
\l__siunitx_number_lower_threshold_int=\count387
\l__siunitx_number_upper_threshold_int=\count388
\l__siunitx_number_group_first_int=\count389
\l__siunitx_number_group_size_int=\count390
\l__siunitx_number_group_minimum_int=\count391
\l__siunitx_angle_tmp_dim=\dimen360
\l__siunitx_angle_marker_box=\box104
\l__siunitx_angle_unit_box=\box105
\l__siunitx_compound_count_int=\count392
 (/usr/share/texlive/texmf-dist/tex/latex/translations/translations.sty
Package: translations 2022/02/05 v1.12 internationalization of LaTeX2e packages (CN)
)
\l__siunitx_table_tmp_box=\box106
\l__siunitx_table_tmp_dim=\dimen361
\l__siunitx_table_column_width_dim=\dimen362
\l__siunitx_table_integer_box=\box107
\l__siunitx_table_decimal_box=\box108
\l__siunitx_table_uncert_box=\box109
\l__siunitx_table_before_box=\box110
\l__siunitx_table_after_box=\box111
\l__siunitx_table_before_dim=\dimen363
\l__siunitx_table_carry_dim=\dimen364
\l__siunitx_unit_tmp_int=\count393
\l__siunitx_unit_position_int=\count394
\l__siunitx_unit_total_int=\count395
 (/usr/share/texlive/texmf-dist/tex/latex/tools/array.sty
Package: array 2023/10/16 v2.5g Tabular extension package (FMi)
\col@sep=\dimen365
\ar@mcellbox=\box112
\extrarowheight=\dimen366
\NC@list=\toks51
\extratabsurround=\skip83
\backup@length=\skip84
\ar@cellbox=\box113
)) (/usr/share/texlive/texmf-dist/tex/latex/beamerposter/beamerposter.sty
Package: beamerposter 2018/04/23 v.1.13 latex-beamer poster extension
 (/usr/share/texlive/texmf-dist/tex/latex/xkeyval/xkeyval.sty
Package: xkeyval 2022/06/16 v2.9 package option processing (HA)
 (/usr/share/texlive/texmf-dist/tex/generic/xkeyval/xkeyval.tex (/usr/share/texlive/texmf-dist/tex/generic/xkeyval/xkvutils.tex
\XKV@toks=\toks52
\XKV@tempa@toks=\toks53
)
\XKV@depth=\count396
File: xkeyval.tex 2014/12/03 v2.7a key=value parser (HA)
)) (/usr/share/texlive/texmf-dist/tex/latex/type1cm/type1cm.sty
Package: type1cm 2002/09/05 v0.04 BlueSky/Y&Y Type1 CM font definitions (DPC, patched RF)
)
Package beamerposter Info: checking size input, please wait. on input line 129.
Package beamerposter Info: the input a0\ 1\ was correct, we proceed. on input line 129.
Package beamerposter Info: finished size input check. on input line 129.
Package beamerposter Info: myfontscale=1.0 on input line 129.
Package beamerposter Info: checking size input, please wait. on input line 130.
Package beamerposter Info: the input custom\ 6\ was correct, we proceed. on input line 130.
Package beamerposter Info: finished size input check. on input line 130.
Package beamerposter Info: custom poster width=84.1 on input line 130.
Package beamerposter Info: custom poster height=118.9 on input line 130.
Package beamerposter Info: myfontscale=1.2 on input line 130.
Package beamerposter Info: paperwidth=2392.87694pt, paperheight=3383.0325pt on input line 173.
Package beamerposter Info: textwidth=2364.42418pt, textheight=3354.57974pt on input line 174.
Package beamerposter Info: fontscale=1.0, myfontscale=1.20 on input line 175.
) (/usr/share/texlive/texmf-dist/tex/latex/beamer/beamerfontthemeprofessionalfonts.sty)
\inboxwd=\skip85
\iinboxwd=\skip86
\inboxrule=\skip87
\bibindent=\skip88
\bibitemsep=\skip89
\bibsep=\skip90
 (/usr/share/texlive/texmf-dist/tex/latex/blindtext/blindtext.sty
Package: blindtext 2012/01/06 V2.0 blindtext-Package
 (/usr/share/texlive/texmf-dist/tex/latex/tools/xspace.sty
Package: xspace 2014/10/28 v1.13 Space after command names (DPC,MH)
)
\c@blindtext=\count397
\c@Blindtext=\count398
\c@blind@countparstart=\count399
\blind@countxx=\count400
\blindtext@numBlindtext=\count401
\blind@countyy=\count402
\c@blindlist=\count403
\c@blindlistlevel=\count404
\c@blindlist@level=\count405
\blind@listitem=\count406
\c@blind@listcount=\count407
\c@blind@levelcount=\count408
\blind@mathformula=\count409
\blind@Mathformula=\count410
\c@blind@randomcount=\count411
\c@blind@randommax=\count412
\c@blind@pangramcount=\count413
\c@blind@pangrammax=\count414
) (/usr/share/texlive/texmf-dist/tex/latex/relsize/relsize.sty
Package: relsize 2013/03/29 ver 4.1
) (/usr/share/texlive/texmf-dist/tex/latex/mathtools/mathtools.sty
Package: mathtools 2022/06/29 v1.29 mathematical typesetting tools
 (/usr/share/texlive/texmf-dist/tex/latex/mathtools/mhsetup.sty
Package: mhsetup 2021/03/18 v1.4 programming setup (MH)
)
\g_MT_multlinerow_int=\count415
\l_MT_multwidth_dim=\dimen367
\origjot=\skip91
\l_MT_shortvdotswithinadjustabove_dim=\dimen368
\l_MT_shortvdotswithinadjustbelow_dim=\dimen369
\l_MT_above_intertext_sep=\dimen370
\l_MT_below_intertext_sep=\dimen371
\l_MT_above_shortintertext_sep=\dimen372
\l_MT_below_shortintertext_sep=\dimen373
\xmathstrut@box=\box114
\xmathstrut@dim=\dimen374
)
\colsep=\skip92
\totalcolsep=\skip93
\colwidth=\skip94
 (/usr/share/texlive/texmf-dist/tex/latex/pgf/frontendlayer/tikz.sty (/usr/share/texlive/texmf-dist/tex/latex/pgf/basiclayer/pgf.sty
Package: pgf 2023-01-15 v3.1.10 (3.1.10)
 (/usr/share/texlive/texmf-dist/tex/generic/pgf/modules/pgfmoduleshapes.code.tex
File: pgfmoduleshapes.code.tex 2023-01-15 v3.1.10 (3.1.10)
\pgfnodeparttextbox=\box115
) (/usr/share/texlive/texmf-dist/tex/generic/pgf/modules/pgfmoduleplot.code.tex
File: pgfmoduleplot.code.tex 2023-01-15 v3.1.10 (3.1.10)
) (/usr/share/texlive/texmf-dist/tex/latex/pgf/compatibility/pgfcomp-version-0-65.sty
Package: pgfcomp-version-0-65 2023-01-15 v3.1.10 (3.1.10)
\pgf@nodesepstart=\dimen375
\pgf@nodesepend=\dimen376
) (/usr/share/texlive/texmf-dist/tex/latex/pgf/compatibility/pgfcomp-version-1-18.sty
Package: pgfcomp-version-1-18 2023-01-15 v3.1.10 (3.1.10)
)) (/usr/share/texlive/texmf-dist/tex/latex/pgf/utilities/pgffor.sty (/usr/share/texlive/texmf-dist/tex/generic/pgf/utilities/pgffor.code.tex
Package: pgffor 2023-01-15 v3.1.10 (3.1.10)
\pgffor@iter=\dimen377
\pgffor@skip=\dimen378
\pgffor@stack=\toks54
\pgffor@toks=\toks55
)) (/usr/share/texlive/texmf-dist/tex/generic/pgf/frontendlayer/tikz/tikz.code.tex
Package: tikz 2023-01-15 v3.1.10 (3.1.10)
 (/usr/share/texlive/texmf-dist/tex/generic/pgf/libraries/pgflibraryplothandlers.code.tex
File: pgflibraryplothandlers.code.tex 2023-01-15 v3.1.10 (3.1.10)
\pgf@plot@mark@count=\count416
\pgfplotmarksize=\dimen379
)
\tikz@lastx=\dimen380
\tikz@lasty=\dimen381
\tikz@lastxsaved=\dimen382
\tikz@lastysaved=\dimen383
\tikz@lastmovetox=\dimen384
\tikz@lastmovetoy=\dimen385
\tikzleveldistance=\dimen386
\tikzsiblingdistance=\dimen387
\tikz@figbox=\box116
\tikz@figbox@bg=\box117
\tikz@tempbox=\box118
\tikz@tempbox@bg=\box119
\tikztreelevel=\count417
\tikznumberofchildren=\count418
\tikznumberofcurrentchild=\count419
\tikz@fig@count=\count420
 (/usr/share/texlive/texmf-dist/tex/generic/pgf/modules/pgfmodulematrix.code.tex
File: pgfmodulematrix.code.tex 2023-01-15 v3.1.10 (3.1.10)
\pgfmatrixcurrentrow=\count421
\pgfmatrixcurrentcolumn=\count422
\pgf@matrix@numberofcolumns=\count423
)
\tikz@expandcount=\count424
 (/usr/share/texlive/texmf-dist/tex/generic/pgf/frontendlayer/tikz/libraries/tikzlibrarytopaths.code.tex
File: tikzlibrarytopaths.code.tex 2023-01-15 v3.1.10 (3.1.10)
))) (/usr/share/texlive/texmf-dist/tex/generic/pgf/frontendlayer/tikz/libraries/tikzlibrarycalc.code.tex
File: tikzlibrarycalc.code.tex 2023-01-15 v3.1.10 (3.1.10)
) (/usr/share/texlive/texmf-dist/tex/latex/printlen/printlen.sty
Package: printlen 2009/09/03 v1.1a print lengths with units
)) (./Preamble_BibLaTeX_AER.tex (/usr/share/texlive/texmf-dist/tex/latex/biblatex-chicago/biblatex-chicago.sty
Package: biblatex-chicago 2022/07/02 v 3.18 biblatex style
 (/usr/share/texlive/texmf-dist/tex/generic/xstring/xstring.sty (/usr/share/texlive/texmf-dist/tex/generic/xstring/xstring.tex
\xs_counta=\count425
\xs_countb=\count426
)
Package: xstring 2023/08/22 v1.86 String manipulations (CT)
) (/usr/share/texlive/texmf-dist/tex/latex/biblatex/biblatex.sty
Package: biblatex 2023/03/05 v3.19 programmable bibliographies (PK/MW)
 (/usr/share/texlive/texmf-dist/tex/latex/logreq/logreq.sty
Package: logreq 2010/08/04 v1.0 xml request logger
\lrq@indent=\count427
 (/usr/share/texlive/texmf-dist/tex/latex/logreq/logreq.def
File: logreq.def 2010/08/04 v1.0 logreq spec v1.0
)) (/usr/share/texlive/texmf-dist/tex/latex/base/ifthen.sty
Package: ifthen 2022/04/13 v1.1d Standard LaTeX ifthen package (DPC)
)
\c@tabx@nest=\count428
\c@listtotal=\count429
\c@listcount=\count430
\c@liststart=\count431
\c@liststop=\count432
\c@citecount=\count433
\c@citetotal=\count434
\c@multicitecount=\count435
\c@multicitetotal=\count436
\c@instcount=\count437
\c@maxnames=\count438
\c@minnames=\count439
\c@maxitems=\count440
\c@minitems=\count441
\c@citecounter=\count442
\c@maxcitecounter=\count443
\c@savedcitecounter=\count444
\c@uniquelist=\count445
\c@uniquename=\count446
\c@refsection=\count447
\c@refsegment=\count448
\c@maxextratitle=\count449
\c@maxextratitleyear=\count450
\c@maxextraname=\count451
\c@maxextradate=\count452
\c@maxextraalpha=\count453
\c@abbrvpenalty=\count454
\c@highnamepenalty=\count455
\c@lownamepenalty=\count456
\c@maxparens=\count457
\c@parenlevel=\count458
\blx@tempcnta=\count459
\blx@tempcntb=\count460
\blx@tempcntc=\count461
\c@blx@maxsection=\count462
\blx@maxsegment@0=\count463
\blx@notetype=\count464
\blx@parenlevel@text=\count465
\blx@parenlevel@foot=\count466
\blx@sectionciteorder@0=\count467
\blx@sectionciteorderinternal@0=\count468
\blx@entrysetcounter=\count469
\blx@biblioinstance=\count470
\labelnumberwidth=\skip95
\labelalphawidth=\skip96
\biblabelsep=\skip97
\bibnamesep=\skip98
\bibinitsep=\skip99
\bibparsep=\skip100
\bibhang=\skip101
\blx@bcfin=\read4
\blx@bcfout=\write5
\blx@langwohyphens=\language90
\c@mincomprange=\count471
\c@maxcomprange=\count472
\c@mincompwidth=\count473
Package biblatex Info: Trying to load biblatex default data model...
Package biblatex Info: ... file 'blx-dm.def' found.
 (/usr/share/texlive/texmf-dist/tex/latex/biblatex/blx-dm.def
File: blx-dm.def 2023/03/05 v3.19 biblatex localization (PK/MW)
)
Package biblatex Info: Trying to load biblatex style data model...
Package biblatex Info: ... file 'chicago-authordate.dbx' not found.
Package biblatex Info: Trying to load biblatex custom data model...
Package biblatex Info: ... file 'biblatex-dm.cfg' not found.
\c@afterword=\count474
\c@savedafterword=\count475
\c@annotator=\count476
\c@savedannotator=\count477
\c@author=\count478
\c@savedauthor=\count479
\c@bookauthor=\count480
\c@savedbookauthor=\count481
\c@commentator=\count482
\c@savedcommentator=\count483
\c@editor=\count484
\c@savededitor=\count485
\c@editora=\count486
\c@savededitora=\count487
\c@editorb=\count488
\c@savededitorb=\count489
\c@editorc=\count490
\c@savededitorc=\count491
\c@foreword=\count492
\c@savedforeword=\count493
\c@holder=\count494
\c@savedholder=\count495
\c@introduction=\count496
\c@savedintroduction=\count497
\c@namea=\count498
\c@savednamea=\count499
\c@nameb=\count500
\c@savednameb=\count501
\c@namec=\count502
\c@savednamec=\count503
\c@translator=\count504
\c@savedtranslator=\count505
\c@shortauthor=\count506
\c@savedshortauthor=\count507
\c@shorteditor=\count508
\c@savedshorteditor=\count509
\c@labelname=\count510
\c@savedlabelname=\count511
\c@institution=\count512
\c@savedinstitution=\count513
\c@lista=\count514
\c@savedlista=\count515
\c@listb=\count516
\c@savedlistb=\count517
\c@listc=\count518
\c@savedlistc=\count519
\c@listd=\count520
\c@savedlistd=\count521
\c@liste=\count522
\c@savedliste=\count523
\c@listf=\count524
\c@savedlistf=\count525
\c@location=\count526
\c@savedlocation=\count527
\c@organization=\count528
\c@savedorganization=\count529
\c@origlocation=\count530
\c@savedoriglocation=\count531
\c@origpublisher=\count532
\c@savedorigpublisher=\count533
\c@publisher=\count534
\c@savedpublisher=\count535
\c@language=\count536
\c@savedlanguage=\count537
\c@origlanguage=\count538
\c@savedoriglanguage=\count539
\c@pageref=\count540
\c@savedpageref=\count541
\shorthandwidth=\skip102
\shortjournalwidth=\skip103
\shortserieswidth=\skip104
\shorttitlewidth=\skip105
\shortauthorwidth=\skip106
\shorteditorwidth=\skip107
\locallabelnumberwidth=\skip108
\locallabelalphawidth=\skip109
\localshorthandwidth=\skip110
\localshortjournalwidth=\skip111
\localshortserieswidth=\skip112
\localshorttitlewidth=\skip113
\localshortauthorwidth=\skip114
\localshorteditorwidth=\skip115
Package biblatex Info: Trying to load compatibility code...
Package biblatex Info: ... file 'blx-compat.def' found.
 (/usr/share/texlive/texmf-dist/tex/latex/biblatex/blx-compat.def
File: blx-compat.def 2023/03/05 v3.19 biblatex compatibility (PK/MW)
)
Package biblatex Info: Trying to load generic definitions...
Package biblatex Info: ... file 'biblatex.def' found.
 (/usr/share/texlive/texmf-dist/tex/latex/biblatex/biblatex.def
File: biblatex.def 2023/03/05 v3.19 biblatex compatibility (PK/MW)
\c@textcitecount=\count542
\c@textcitetotal=\count543
\c@textcitemaxnames=\count544
\c@biburlbigbreakpenalty=\count545
\c@biburlbreakpenalty=\count546
\c@biburlnumpenalty=\count547
\c@biburlucpenalty=\count548
\c@biburllcpenalty=\count549
\biburlbigskip=\muskip18
\biburlnumskip=\muskip19
\biburlucskip=\muskip20
\biburllcskip=\muskip21
\c@smartand=\count550
)
Package biblatex Info: Trying to load natbib compatibility...
Package biblatex Info: ... file 'blx-natbib.def' found.
 (/usr/share/texlive/texmf-dist/tex/latex/biblatex/blx-natbib.def
File: blx-natbib.def 2023/03/05 v3.19 biblatex compatibility (PK/MW)
Package biblatex Info: Delimiter 'nameyeardelim' in context '' already defined, overwriting.
)
Package biblatex Info: Trying to load bibliography style 'chicago-authordate'...
Package biblatex Info: ... file 'chicago-authordate.bbx' found.
 (/usr/share/texlive/texmf-dist/tex/latex/biblatex-chicago/chicago-authordate.bbx
File: chicago-authordate.bbx 2022/11/17 v 3.18b biblatex bibliography style
\lositemsep=\skip116
Package biblatex Info: Delimiter 'revsdnamedelim' in context '' already defined, overwriting.
\cms@tempcnta=\count551
\cms@tempcntb=\count552
\c@bbx:relatedcount=\count553
\c@bbx:relatedtotal=\count554
)
Package biblatex Info: Trying to load citation style 'chicago-authordate'...
Package biblatex Info: ... file 'chicago-authordate.cbx' found.
 (/usr/share/texlive/texmf-dist/tex/latex/biblatex-chicago/chicago-authordate.cbx
File: chicago-authordate.cbx 2022/07/02 v 3.18 biblatex citation style
Package biblatex Info: Trying to load citation style 'chicago-dates-common'...
Package biblatex Info: ... file 'chicago-dates-common.cbx' found.
 (/usr/share/texlive/texmf-dist/tex/latex/biblatex-chicago/chicago-dates-common.cbx
File: chicago-dates-common.cbx 2022/11/17 v 3.18b biblatex citation style
Package biblatex Info: Redefining '\cite'.
Package biblatex Info: Redefining '\parencite'.
Package biblatex Info: Redefining '\footcite'.
Package biblatex Info: Redefining '\footcitetext'.
Package biblatex Info: Redefining '\footfullcite'.
Package biblatex Info: Redefining '\fullcite'.
Package biblatex Info: Redefining '\textcite'.
Package biblatex Info: Redefining '\textcites'.
Package biblatex Info: Redefining '\cites'.
Package biblatex Info: Redefining '\parencites'.
Package biblatex Info: Redefining '\footcites'.
Package biblatex Info: Redefining '\footcitetexts'.
\c@cms@punct=\count555
Package biblatex Info: Delimiter 'dateeradelim' in context '' already defined, overwriting.
))
Package biblatex Info: Trying to load configuration file...
Package biblatex Info: ... file 'biblatex.cfg' found.
 (/usr/share/texlive/texmf-dist/tex/latex/biblatex/biblatex.cfg
File: biblatex.cfg 
)
Package biblatex Info: Input encoding 'utf8' detected.
Package biblatex Info: Document encoding is UTF8 ....
Package biblatex Info: ... and expl3
(biblatex)             2024-01-22 L3 programming layer (loader) 
(biblatex)             is new enough (at least 2020/04/06),
(biblatex)             setting 'casechanger=expl3'.
 (/usr/share/texlive/texmf-dist/tex/latex/biblatex/blx-case-expl3.sty
Package: blx-case-expl3 2023/03/05 v3.19 expl3 case changing code for biblatex
)))) (./Preamble_Fonts_Charter_FiraSans.tex (/usr/share/texlive/texmf-dist/tex/latex/fira/FiraMono.sty
Package: FiraMono 2022/09/17 (Bob Tennent and autoinst) Style file for Fira Mono fonts.
 (/usr/share/texlive/texmf-dist/tex/generic/iftex/ifxetex.sty
Package: ifxetex 2019/10/25 v0.7 ifxetex legacy package. Use iftex instead.
) (/usr/share/texlive/texmf-dist/tex/generic/iftex/ifluatex.sty
Package: ifluatex 2019/10/25 v1.5 ifluatex legacy package. Use iftex instead.
) (/usr/share/texlive/texmf-dist/tex/latex/base/textcomp.sty
Package: textcomp 2020/02/02 v2.0n Standard LaTeX package
) (/usr/share/texlive/texmf-dist/tex/latex/base/fontenc.sty
Package: fontenc 2021/04/29 v2.0v Standard LaTeX package
) (/usr/share/texlive/texmf-dist/tex/latex/fontaxes/fontaxes.sty
Package: fontaxes 2020/07/21 v1.0e Font selection axes
LaTeX Info: Redefining \upshape on input line 29.
LaTeX Info: Redefining \itshape on input line 31.
LaTeX Info: Redefining \slshape on input line 33.
LaTeX Info: Redefining \swshape on input line 35.
LaTeX Info: Redefining \scshape on input line 37.
LaTeX Info: Redefining \sscshape on input line 39.
LaTeX Info: Redefining \ulcshape on input line 41.
LaTeX Info: Redefining \textsw on input line 47.
LaTeX Info: Redefining \textssc on input line 48.
LaTeX Info: Redefining \textulc on input line 49.
)) (/usr/share/texlive/texmf-dist/tex/latex/fira/FiraSans.sty
Package: FiraSans 2022/09/17 (Bob Tennent and autoinst) Style file for Fira Sans fonts.
) (/usr/share/texlive/texmf-dist/tex/latex/mathdesign/mathdesign.sty
Package: mathdesign 2013/08/29 v2.31 Math Design Project
 (/usr/share/texlive/texmf-dist/tex/latex/mathdesign/mdbch/mdbch.cfg) (/usr/share/texlive/texmf-dist/tex/latex/mathdesign/mdbch/mdbch.sty
Package: mdbch 2013/08/29 v2.31 bitstream bitstream charter + mdbch (Math Design Project)
 (/usr/share/texlive/texmf-dist/tex/latex/mathdesign/mdfont.def
File: mdfont.def 2013/08/29 v2.31 (Math Design Project)
)
\symmdcal=\mathgroup7
LaTeX Font Info:    Overwriting symbol font `mdcal' in version `bold'
(Font)                  OMS/mdbch/m/n --> OMS/mdbch/b/n on input line 97.
\symmdscr=\mathgroup8
LaTeX Font Info:    Overwriting symbol font `mdscr' in version `bold'
(Font)                  OMS/mdbch/m/n --> OMS/mdbch/b/n on input line 103.
LaTeX Font Info:    Redeclaring math alphabet \mathfrak on input line 109.
LaTeX Font Info:    Overwriting math alphabet `\mathfrak' in version `normal'
(Font)                  U/euf/m/n --> U/xmdeuf/m/n on input line 109.
LaTeX Font Info:    Overwriting math alphabet `\mathfrak' in version `bold'
(Font)                  U/euf/b/n --> U/xmdeuf/m/n on input line 109.
LaTeX Font Info:    Overwriting math alphabet `\mathfrak' in version `bold'
(Font)                  U/xmdeuf/m/n --> U/xmdeuf/b/n on input line 110.
LaTeX Info: Redefining \frak on input line 111.
LaTeX Font Info:    Overwriting symbol font `operators' in version `normal'
(Font)                  OT1/cmr/m/n --> OT1/mdbch/m/n on input line 121.
LaTeX Font Info:    Overwriting symbol font `letters' in version `normal'
(Font)                  OML/cmm/m/it --> OML/mdbch/m/it on input line 122.
LaTeX Font Info:    Overwriting symbol font `symbols' in version `normal'
(Font)                  OMS/cmsy/m/n --> OMS/mdbch/m/n on input line 123.
LaTeX Font Info:    Overwriting symbol font `largesymbols' in version `normal'
(Font)                  OMX/cmex/m/n --> OMX/mdbch/m/n on input line 124.
LaTeX Font Info:    Overwriting symbol font `operators' in version `bold'
(Font)                  OT1/cmr/bx/n --> OT1/mdbch/b/n on input line 126.
LaTeX Font Info:    Overwriting symbol font `letters' in version `bold'
(Font)                  OML/cmm/b/it --> OML/mdbch/b/it on input line 127.
LaTeX Font Info:    Overwriting symbol font `symbols' in version `bold'
(Font)                  OMS/cmsy/b/n --> OMS/mdbch/b/n on input line 128.
LaTeX Font Info:    Overwriting symbol font `largesymbols' in version `bold'
(Font)                  OMX/cmex/m/n --> OMX/mdbch/b/n on input line 129.
LaTeX Font Info:    Overwriting math alphabet `\mathrm' in version `normal'
(Font)                  OT1/mdbch/m/n --> T1/mdbch/m/n on input line 131.
LaTeX Font Info:    Overwriting math alphabet `\mathbf' in version `normal'
(Font)                  OT1/cmr/bx/n --> T1/mdbch/b/n on input line 132.
LaTeX Font Info:    Overwriting math alphabet `\mathit' in version `normal'
(Font)                  OT1/cmr/m/it --> T1/mdbch/m/it on input line 133.
LaTeX Font Info:    Overwriting math alphabet `\mathsf' in version `normal'
(Font)                  OT1/cmss/m/n --> T1/FiraSans-TLF/m/n on input line 134.
LaTeX Font Info:    Overwriting math alphabet `\mathtt' in version `normal'
(Font)                  OT1/cmtt/m/n --> T1/FiraMono-TLF/m/n on input line 135.
LaTeX Font Info:    Overwriting math alphabet `\mathrm' in version `bold'
(Font)                  OT1/mdbch/b/n --> T1/mdbch/b/n on input line 137.
LaTeX Font Info:    Overwriting math alphabet `\mathbf' in version `bold'
(Font)                  OT1/cmr/bx/n --> T1/mdbch/b/n on input line 138.
LaTeX Font Info:    Overwriting math alphabet `\mathit' in version `bold'
(Font)                  OT1/cmr/bx/it --> T1/mdbch/b/it on input line 139.
LaTeX Font Info:    Overwriting math alphabet `\mathsf' in version `bold'
(Font)                  OT1/cmss/bx/n --> T1/FiraSans-TLF/b/n on input line 140.
LaTeX Font Info:    Overwriting math alphabet `\mathtt' in version `bold'
(Font)                  OT1/cmtt/m/n --> T1/FiraMono-TLF/b/n on input line 141.
\symlettersupright=\mathgroup9
LaTeX Font Info:    Overwriting symbol font `lettersupright' in version `bold'
(Font)                  OML/mdbch/m/n --> OML/mdbch/b/n on input line 144.
LaTeX Font Info:    Redeclaring math alphabet \mathrm on input line 145.
LaTeX Font Info:    Overwriting math alphabet `\mathcal' in version `normal'
(Font)                  OMS/mdbch/m/n --> OMS/mdbch/m/n on input line 167.
LaTeX Font Info:    Trying to load font information for T1+mdbch on input line 186.
 (/usr/share/texlive/texmf-dist/tex/latex/mathdesign/mdbch/t1mdbch.fd
File: t1mdbch.fd 2013/08/29 Fontinst v1.933 font definitions for T1/mdbch.
)
LaTeX Font Info:    Font shape `T1/mdbch/m/n' will be
(Font)              scaled to size 10.51207pt on input line 186.
LaTeX Font Info:    Redeclaring math accent \widetilde on input line 449.
LaTeX Font Info:    Redeclaring math accent \widehat on input line 450.
Now handling font encoding MDA ...
... no UTF-8 mapping file for font encoding MDA
\symmathdesignA=\mathgroup10
LaTeX Font Info:    Overwriting symbol font `mathdesignA' in version `bold'
(Font)                  MDA/mdbch/m/n --> MDA/mdbch/b/n on input line 491.
LaTeX Font Info:    Overwriting encoding scheme math defaults on input line 493.
Now handling font encoding MDB ...
... no UTF-8 mapping file for font encoding MDB
\symmathdesignB=\mathgroup11
LaTeX Font Info:    Overwriting symbol font `mathdesignB' in version `bold'
(Font)                  MDB/mdbch/m/n --> MDB/mdbch/b/n on input line 498.
LaTeX Info: Redefining \bold on input line 510.
LaTeX Font Info:    Redeclaring math accent \widetilde on input line 532.
LaTeX Font Info:    Redeclaring math accent \widehat on input line 533.
\rulethickness=\skip117
) (/usr/share/texlive/texmf-dist/tex/latex/base/fontenc.sty
Package: fontenc 2021/04/29 v2.0v Standard LaTeX package
LaTeX Font Info:    Trying to load font information for T1+FiraSans-TLF on input line 112.
 (/usr/share/texlive/texmf-dist/tex/latex/fira/T1FiraSans-TLF.fd
File: T1FiraSans-TLF.fd 2019/10/10 (autoinst) Font definitions for T1/FiraSans-TLF.
)
LaTeX Font Info:    Font shape `T1/FiraSans-TLF/m/n' in size <10.95> not available
(Font)              Font shape `T1/FiraSans-TLF/regular/n' tried instead on input line 112.
LaTeX Font Info:    Font shape `T1/FiraSans-TLF/regular/n' will be
(Font)              scaled to size 9.63605pt on input line 112.
)) (/usr/share/texlive/texmf-dist/tex/latex/xcharter/XCharter.sty
Package: XCharter 2023/07/21 v1.25
 `XCharter' v1.25, 2023/07/21 Text macros for XCharter, an extension of Charter (msharpe) (/usr/share/texlive/texmf-dist/tex/latex/carlisle/scalefnt.sty) (/usr/share/texlive/texmf-dist/tex/latex/base/fontenc.sty
Package: fontenc 2021/04/29 v2.0v Standard LaTeX package
)
LaTeX Font Info:    Setting XCharter-LF sub-encoding to TS1/0 on input line 37.
LaTeX Font Info:    Changing XCharter-TLF sub-encoding to TS1/0 on input line 37.
LaTeX Font Info:    Setting XCharter-OsF sub-encoding to TS1/0 on input line 37.
LaTeX Font Info:    Changing XCharter-TOsF sub-encoding to TS1/0 on input line 37.
\xch@cnt=\count556
LaTeX Info: Redefining \textsu on input line 737.
LaTeX Info: Redefining \textde on input line 740.
LaTeX Info: Redefining \textinf on input line 742.
) (/usr/share/texlive/texmf-dist/tex/latex/l3packages/xfrac/xfrac.sty (/usr/share/texlive/texmf-dist/tex/latex/l3packages/l3keys2e/l3keys2e.sty
Package: l3keys2e 2023-10-10 LaTeX2e option processing using LaTeX3 keys
) (/usr/share/texlive/texmf-dist/tex/latex/l3packages/xtemplate/xtemplate.sty
Package: xtemplate 2023-10-10 L3 Experimental prototype document functions
\l__xtemplate_tmp_dim=\dimen388
\l__xtemplate_tmp_int=\count557
\l__xtemplate_tmp_muskip=\muskip22
\l__xtemplate_tmp_skip=\skip118
)
Package: xfrac 2023-10-10 L3 Experimental split-level fractions
\l__xfrac_slash_box=\box120
\l__xfrac_tmp_box=\box121
\l__xfrac_denominator_bot_sep_dim=\dimen389
\l__xfrac_numerator_bot_sep_dim=\dimen390
\l__xfrac_numerator_top_sep_dim=\dimen391
\l__xfrac_slash_left_sep_dim=\dimen392
\l__xfrac_slash_right_sep_dim=\dimen393
\l__xfrac_slash_left_muskip=\muskip23
\l__xfrac_slash_right_muskip=\muskip24

Package xtemplate Info: Declaring object type 'xfrac' taking 3 argument(s) on
(xtemplate)             line 80.

) (./Preamble_mweights.tex
LaTeX Info: Redefining \bfseries on input line 35.
LaTeX Info: Redefining \mdseries on input line 43.
LaTeX Info: Redefining \rmfamily on input line 51.
LaTeX Info: Redefining \sffamily on input line 79.
LaTeX Info: Redefining \ttfamily on input line 107.
)) (./Preamble_Sansserif_math.tex
\c@mv@normalup=\count558
\c@mv@boldup=\count559
\c@mv@sans=\count560
LaTeX Font Info:    Overwriting symbol font `operators' in version `sans'
(Font)                  OT1/cmr/m/n --> OT1/mdbch/m/n on input line 33.
LaTeX Font Info:    Overwriting symbol font `letters' in version `sans'
(Font)                  OML/cmm/m/it --> OML/jkpss/m/it on input line 34.
LaTeX Font Info:    Overwriting symbol font `symbols' in version `sans'
(Font)                  OMS/cmsy/m/n --> OMS/jkp/m/n on input line 38.
\symextrasymbols=\mathgroup12
LaTeX Font Info:    Overwriting symbol font `extrasymbols' in version `sans'
(Font)                  OMS/cmbrs/m/n --> OMS/cmbrs/m/n on input line 41.
LaTeX Font Info:    Overwriting math alphabet `\mathit' in version `sans'
(Font)                  OT1/cmr/m/it --> T1/FiraSans-TLF/sl/it on input line 45.
LaTeX Font Info:    Overwriting math alphabet `\mathbf' in version `sans'
(Font)                  OT1/cmr/bx/n --> T1/FiraSans-TLF/sb/n on input line 46.
LaTeX Font Info:    Overwriting math alphabet `\mathtt' in version `sans'
(Font)                  OT1/cmtt/m/n --> OT1/cmtl/m/n on input line 47.
LaTeX Font Info:    Overwriting math alphabet `\mathcal' in version `sans'
(Font)                  > OMS/ntxsy/m/n on input line 48.
LaTeX Font Info:    Overwriting symbol font `largesymbols' in version `sans'
(Font)                  OMX/cmex/m/n --> OMX/mdbch/m/n on input line 52.
\c@mv@sansup=\count561
LaTeX Font Info:    Overwriting symbol font `letters' in version `sansup'
(Font)                  OML/cmm/m/it --> OML/jkpss/m/it on input line 56.
LaTeX Font Info:    Overwriting symbol font `symbols' in version `sansup'
(Font)                  OMS/cmsy/m/n --> OMS/jkp/m/n on input line 57.
\c@mv@boldsans=\count562
LaTeX Font Info:    Overwriting symbol font `operators' in version `boldsans'
(Font)                  OT1/cmr/m/n --> OT1/mdbch/bx/n on input line 62.
LaTeX Font Info:    Overwriting symbol font `letters' in version `boldsans'
(Font)                  OML/cmm/m/it --> OML/jkpss/bx/it on input line 63.
LaTeX Font Info:    Overwriting symbol font `symbols' in version `boldsans'
(Font)                  OMS/cmsy/m/n --> OMS/jkp/bx/n on input line 67.
LaTeX Font Info:    Overwriting math alphabet `\mathit' in version `boldsans'
(Font)                  OT1/cmr/m/it --> T1/FiraSans-TLF/sb/it on input line 70.
LaTeX Font Info:    Overwriting math alphabet `\mathtt' in version `boldsans'
(Font)                  OT1/cmtt/m/n --> T1/cmtl/b/n on input line 71.
LaTeX Font Info:    Overwriting math alphabet `\mathcal' in version `boldsans'
(Font)                  > OMS/ntxsy/b/n on input line 72.
LaTeX Font Info:    Overwriting symbol font `largesymbols' in version `boldsans'
(Font)                  OMX/cmex/m/n --> OMX/mdbch/bx/n on input line 75.
\c@mv@boldsansup=\count563
LaTeX Font Info:    Overwriting symbol font `letters' in version `boldsansup'
(Font)                  OML/cmm/m/it --> OML/jkpss/bx/it on input line 79.
LaTeX Font Info:    Overwriting symbol font `symbols' in version `boldsansup'
(Font)                  OMS/cmsy/m/n --> OMS/jkp/bx/n on input line 80.
LaTeX Font Info:    Overwriting symbol font `operators' in version `boldup'
(Font)                  OT1/cmr/m/n --> OT1/mdbch/b/n on input line 83.
LaTeX Font Info:    Overwriting symbol font `letters' in version `boldup'
(Font)                  OML/cmm/m/it --> OML/mdbch/b/n on input line 84.
LaTeX Font Info:    Overwriting symbol font `lettersupright' in version `boldup'
(Font)                  OML/mdbch/m/n --> OML/mdbch/b/n on input line 85.
LaTeX Font Info:    Overwriting symbol font `symbols' in version `boldup'
(Font)                  OMS/cmsy/m/n --> OMS/mdbch/b/n on input line 86.
LaTeX Font Info:    Overwriting symbol font `largesymbols' in version `boldup'
(Font)                  OMX/cmex/m/n --> OMX/mdbch/b/n on input line 87.
\symuprightglyphs=\mathgroup13
LaTeX Font Info:    Overwriting symbol font `uprightglyphs' in version `normal'
(Font)                  T1/mdbch/m/n --> T1/mdbch/m/n on input line 91.
LaTeX Font Info:    Overwriting symbol font `uprightglyphs' in version `normalup'
(Font)                  T1/mdbch/m/n --> T1/mdbch/m/n on input line 92.
LaTeX Font Info:    Overwriting symbol font `uprightglyphs' in version `bold'
(Font)                  T1/mdbch/m/n --> T1/mdbch/b/n on input line 93.
LaTeX Font Info:    Overwriting symbol font `uprightglyphs' in version `boldup'
(Font)                  T1/mdbch/m/n --> T1/mdbch/b/n on input line 94.
LaTeX Font Info:    Overwriting symbol font `uprightglyphs' in version `sans'
(Font)                  T1/mdbch/m/n --> T1/FiraSans-TLF/sl/n on input line 95.
LaTeX Font Info:    Overwriting symbol font `uprightglyphs' in version `sansup'
(Font)                  T1/mdbch/m/n --> T1/FiraSans-TLF/sl/n on input line 96.
LaTeX Font Info:    Overwriting symbol font `uprightglyphs' in version `boldsans'
(Font)                  T1/mdbch/m/n --> T1/FiraSans-TLF/sb/n on input line 97.
LaTeX Font Info:    Overwriting symbol font `uprightglyphs' in version `boldsansup'
(Font)                  T1/mdbch/m/n --> T1/FiraSans-TLF/sb/n on input line 98.
\symitalicglyphs=\mathgroup14
LaTeX Font Info:    Overwriting symbol font `italicglyphs' in version `normal'
(Font)                  T1/mdbch/m/it --> T1/mdbch/m/it on input line 100.
LaTeX Font Info:    Overwriting symbol font `italicglyphs' in version `normalup'
(Font)                  T1/mdbch/m/it --> T1/mdbch/m/n on input line 101.
LaTeX Font Info:    Overwriting symbol font `italicglyphs' in version `bold'
(Font)                  T1/mdbch/m/it --> T1/mdbch/b/it on input line 102.
LaTeX Font Info:    Overwriting symbol font `italicglyphs' in version `boldup'
(Font)                  T1/mdbch/m/it --> T1/mdbch/b/n on input line 103.
LaTeX Font Info:    Overwriting symbol font `italicglyphs' in version `sans'
(Font)                  T1/mdbch/m/it --> T1/FiraSans-TLF/sl/it on input line 104.
LaTeX Font Info:    Overwriting symbol font `italicglyphs' in version `sansup'
(Font)                  T1/mdbch/m/it --> T1/FiraSans-TLF/sl/n on input line 105.
LaTeX Font Info:    Overwriting symbol font `italicglyphs' in version `boldsans'
(Font)                  T1/mdbch/m/it --> T1/FiraSans-TLF/sb/it on input line 106.
LaTeX Font Info:    Overwriting symbol font `italicglyphs' in version `boldsansup'
(Font)                  T1/mdbch/m/it --> T1/FiraSans-TLF/sb/n on input line 107.
LaTeX Font Info:    Redeclaring math symbol \prime on input line 149.
LaTeX Font Info:    Redeclaring math delimiter \lbrace on input line 155.
LaTeX Font Info:    Redeclaring math delimiter \rbrace on input line 156.
LaTeX Font Info:    Redeclaring math symbol \imath on input line 194.
LaTeX Font Info:    Redeclaring math symbol \jmath on input line 196.
)
\blockOne=\skip119
\blockTwo=\skip120
\blockThree=\skip121
\blockFour=\skip122


Package biblatex Warning: 'babel/polyglossia' detected but 'csquotes' missing.
(biblatex)                Loading 'csquotes' recommended.

\@quotelevel=\count564
\@quotereset=\count565
LaTeX Info: Redefining \oldstylenums on input line 72.
LaTeX Font Info:    Font shape `T1/FiraSans-TLF/m/n' in size <29.86> not available
(Font)              Font shape `T1/FiraSans-TLF/regular/n' tried instead on input line 72.
LaTeX Font Info:    Font shape `T1/FiraSans-TLF/regular/n' will be
(Font)              scaled to size 26.27693pt on input line 72.
LaTeX Font Info:    Trying to load font information for T1+XCharter-TLF on input line 72.
(/usr/share/texlive/texmf-dist/tex/latex/xcharter/T1XCharter-TLF.fd
File: T1XCharter-TLF.fd 2017/06/25 (autoinst) Font definitions for T1/XCharter-TLF.
)
LaTeX Font Info:    Font shape `T1/XCharter-TLF/m/n' will be
(Font)              scaled to size 28.66579pt on input line 72.
 (./myposter-front.aux)
\openout1 = `myposter-front.aux'.

LaTeX Font Info:    Checking defaults for OML/cmm/m/it on input line 72.
LaTeX Font Info:    ... okay on input line 72.
LaTeX Font Info:    Checking defaults for OMS/cmsy/m/n on input line 72.
LaTeX Font Info:    ... okay on input line 72.
LaTeX Font Info:    Checking defaults for OT1/cmr/m/n on input line 72.
LaTeX Font Info:    ... okay on input line 72.
LaTeX Font Info:    Checking defaults for T1/cmr/m/n on input line 72.
LaTeX Font Info:    ... okay on input line 72.
LaTeX Font Info:    Checking defaults for TS1/cmr/m/n on input line 72.
LaTeX Font Info:    ... okay on input line 72.
LaTeX Font Info:    Checking defaults for OMX/cmex/m/n on input line 72.
LaTeX Font Info:    ... okay on input line 72.
LaTeX Font Info:    Checking defaults for U/cmr/m/n on input line 72.
LaTeX Font Info:    ... okay on input line 72.
LaTeX Font Info:    Checking defaults for PD1/pdf/m/n on input line 72.
LaTeX Font Info:    ... okay on input line 72.
LaTeX Font Info:    Checking defaults for PU/pdf/m/n on input line 72.
LaTeX Font Info:    ... okay on input line 72.
LaTeX Font Info:    Checking defaults for LGR/cmr/m/n on input line 72.
LaTeX Font Info:    Trying to load font information for LGR+cmr on input line 72.
 (/usr/share/texlive/texmf-dist/tex/latex/cbfonts-fd/lgrcmr.fd
File: lgrcmr.fd 2017/07/29 v1.2 Greek European Computer Regular
)
LaTeX Font Info:    ... okay on input line 72.
LaTeX Font Info:    Checking defaults for MDA/cmr/m/n on input line 72.
LaTeX Font Info:    Trying to load font information for MDA+cmr on input line 72.
 (/usr/share/texlive/texmf-dist/tex/latex/mathdesign/mdacmr.fd
File: mdacmr.fd 
)
LaTeX Font Info:    ... okay on input line 72.
LaTeX Font Info:    Checking defaults for MDB/cmr/m/n on input line 72.
LaTeX Font Info:    Trying to load font information for MDB+cmr on input line 72.
 (/usr/share/texlive/texmf-dist/tex/latex/mathdesign/mdbcmr.fd
File: mdbcmr.fd 
)
LaTeX Font Info:    ... okay on input line 72.

*geometry* driver: auto-detecting
*geometry* detected driver: pdftex
*geometry* verbose mode - [ preamble ] result:
* driver: pdftex
* paper: custom
* layout: <same size as paper>
* layoutoffset:(h,v)=(0.0pt,0.0pt)
* modes: includehead includefoot 
* h-part:(L,W,R)=(115.23366pt, 2162.40962pt, 115.23366pt)
* v-part:(T,H,B)=(0.0pt, 3383.0325pt, 0.0pt)
* \paperwidth=2392.87694pt
* \paperheight=3383.0325pt
* \textwidth=2162.40962pt
* \textheight=3186.7085pt
* \oddsidemargin=42.96367pt
* \evensidemargin=42.96367pt
* \topmargin=98.162pt
* \headheight=14.22636pt
* \headsep=0.0pt
* \topskip=11.0pt
* \footskip=14.22636pt
* \marginparwidth=4.0pt
* \marginparsep=10.0pt
* \columnsep=10.0pt
* \skip\footins=10.0pt plus 4.0pt minus 2.0pt
* \hoffset=0.0pt
* \voffset=0.0pt
* \mag=1000
* \@twocolumnfalse
* \@twosidefalse
* \@mparswitchfalse
* \@reversemarginfalse
* (1in=72.27pt=25.4mm, 1cm=28.453pt)

(/usr/share/texlive/texmf-dist/tex/context/base/mkii/supp-pdf.mkii
[Loading MPS to PDF converter (version 2006.09.02).]
\scratchcounter=\count566
\scratchdimen=\dimen394
\scratchbox=\box122
\nofMPsegments=\count567
\nofMParguments=\count568
\everyMPshowfont=\toks56
\MPscratchCnt=\count569
\MPscratchDim=\dimen395
\MPnumerator=\count570
\makeMPintoPDFobject=\count571
\everyMPtoPDFconversion=\toks57
) (/usr/share/texlive/texmf-dist/tex/latex/epstopdf-pkg/epstopdf-base.sty
Package: epstopdf-base 2020-01-24 v2.11 Base part for package epstopdf
Package epstopdf-base Info: Redefining graphics rule for `.eps' on input line 485.
 (/usr/share/texlive/texmf-dist/tex/latex/latexconfig/epstopdf-sys.cfg
File: epstopdf-sys.cfg 2010/07/13 v1.3 Configuration of (r)epstopdf for TeX Live
))
Package hyperref Info: Link coloring ON on input line 72.
 (./myposter-front.out) (./myposter-front.out)
\@outlinefile=\write6
\openout6 = `myposter-front.out'.

 (/usr/share/texlive/texmf-dist/tex/latex/translator/translator-basic-dictionary-English.dict
Dictionary: translator-basic-dictionary, Language: English 
) (/usr/share/texlive/texmf-dist/tex/latex/translator/translator-bibliography-dictionary-English.dict
Dictionary: translator-bibliography-dictionary, Language: English 
) (/usr/share/texlive/texmf-dist/tex/latex/translator/translator-environment-dictionary-English.dict
Dictionary: translator-environment-dictionary, Language: English 
) (/usr/share/texlive/texmf-dist/tex/latex/translator/translator-months-dictionary-English.dict
Dictionary: translator-months-dictionary, Language: English 
) (/usr/share/texlive/texmf-dist/tex/latex/translator/translator-numbers-dictionary-English.dict
Dictionary: translator-numbers-dictionary, Language: English 
) (/usr/share/texlive/texmf-dist/tex/latex/translator/translator-theorem-dictionary-English.dict
Dictionary: translator-theorem-dictionary, Language: English 
)
LaTeX Info: Redefining \microtypecontext on input line 72.
Package microtype Info: Applying patch `item' on input line 72.
Package microtype Info: Applying patch `toc' on input line 72.
Package microtype Info: Applying patch `eqnum' on input line 72.
Package microtype Info: Applying patch `footnote' on input line 72.
Package microtype Info: Applying patch `verbatim' on input line 72.
Package microtype Info: Generating PDF output.
Package microtype Info: Character protrusion enabled (level 2).
Package microtype Info: Using default protrusion set `alltext'.
Package microtype Info: No font expansion.
Package microtype Info: No adjustment of tracking.
Package microtype Info: No adjustment of interword spacing.
Package microtype Info: Adjustment of character kerning enabled.
Package microtype Info: Using default kerning set `alltext'.
 (/usr/share/texlive/texmf-dist/tex/latex/microtype/mt-bch.cfg
File: mt-bch.cfg 2007/03/03 v1.5 microtype config. file: Bitstream Charter (RS)
) (/usr/share/texlive/texmf-dist/tex/latex/ninecolors/ninecolors.sty
Package: ninecolors 2022-02-13 v2022D Select colors with proper color contrast
) (/usr/share/texlive/texmf-dist/tex/latex/translations/translations-basic-dictionary-english.trsl
File: translations-basic-dictionary-english.trsl (english translation file `translations-basic-dictionary')
) (/usr/share/texlive/texmf-dist/tex/latex/translations/translations-basic-dictionary-german.trsl
File: translations-basic-dictionary-german.trsl (german translation file `translations-basic-dictionary')
)
Package translations Info: loading dictionary `translations-basic-dictionary' for `german'. on input line 72.
Package biblatex Info: Trying to load language 'USenglish'...
Package biblatex Info: ... file 'USenglish.lbx' found.
 (/usr/share/texlive/texmf-dist/tex/latex/biblatex/lbx/USenglish.lbx
File: USenglish.lbx 2023/03/05 v3.19 biblatex localization (PK/MW)
Package biblatex Info: Trying to load language 'american' -> 'cms-american'...
Package biblatex Info: ... file 'cms-american.lbx' found.
 (/usr/share/texlive/texmf-dist/tex/latex/biblatex-chicago/cms-american.lbx
File: cms-american.lbx 2022/07/02 v 3.18 biblatex localization
Package biblatex Info: Trying to load language 'american'...
Package biblatex Info: ... file 'american.lbx' found.
 (/usr/share/texlive/texmf-dist/tex/latex/biblatex/lbx/american.lbx
File: american.lbx 2023/03/05 v3.19 biblatex localization (PK/MW)
Package biblatex Info: Trying to load language 'english'...
Package biblatex Info: ... file 'english.lbx' found.
 (/usr/share/texlive/texmf-dist/tex/latex/biblatex/lbx/english.lbx
File: english.lbx 2023/03/05 v3.19 biblatex localization (PK/MW)
)))
Package biblatex Info: Trying to load language 'american' -> 'cms-american'...
Package biblatex Info: ... file 'cms-american.lbx' found.
 (/usr/share/texlive/texmf-dist/tex/latex/biblatex-chicago/cms-american.lbx
File: cms-american.lbx 2022/07/02 v 3.18 biblatex localization
Package biblatex Info: Trying to load language 'english'...
Package biblatex Info: ... file 'english.lbx' found.
 (/usr/share/texlive/texmf-dist/tex/latex/biblatex/lbx/english.lbx
File: english.lbx 2023/03/05 v3.19 biblatex localization (PK/MW)
)))
Package biblatex Info: Trying to load language 'american' -> 'cms-american'...
Package biblatex Info: ... file 'cms-american.lbx' found.
 (/usr/share/texlive/texmf-dist/tex/latex/biblatex-chicago/cms-american.lbx
File: cms-american.lbx 2022/07/02 v 3.18 biblatex localization
Package biblatex Info: Trying to load language 'american'...
Package biblatex Info: ... file 'american.lbx' found.
 (/usr/share/texlive/texmf-dist/tex/latex/biblatex/lbx/american.lbx
File: american.lbx 2023/03/05 v3.19 biblatex localization (PK/MW)
Package biblatex Info: Trying to load language 'english'...
Package biblatex Info: ... file 'english.lbx' found.
 (/usr/share/texlive/texmf-dist/tex/latex/biblatex/lbx/english.lbx
File: english.lbx 2023/03/05 v3.19 biblatex localization (PK/MW)
))
Package biblatex Info: Trying to load language 'english'...
Package biblatex Info: ... file 'english.lbx' found.
 (/usr/share/texlive/texmf-dist/tex/latex/biblatex/lbx/english.lbx
File: english.lbx 2023/03/05 v3.19 biblatex localization (PK/MW)
))
Package biblatex Info: Trying to load language 'ngerman' -> 'cms-ngerman'...
Package biblatex Info: ... file 'cms-ngerman.lbx' found.
 (/usr/share/texlive/texmf-dist/tex/latex/biblatex-chicago/cms-ngerman.lbx
File: cms-ngerman.lbx 2022/07/02 v 3.18 biblatex localization
Package biblatex Info: Trying to load language 'ngerman'...
Package biblatex Info: ... file 'ngerman.lbx' found.
 (/usr/share/texlive/texmf-dist/tex/latex/biblatex/lbx/ngerman.lbx
File: ngerman.lbx 2023/03/05 v3.19 biblatex localization (PK/MW)
Package biblatex Info: Trying to load language 'german' -> 'cms-german'...
Package biblatex Info: ... file 'cms-german.lbx' found.
 (/usr/share/texlive/texmf-dist/tex/latex/biblatex-chicago/cms-german.lbx
File: cms-german.lbx 2022/07/02 v 3.18 biblatex localization
Package biblatex Info: Trying to load language 'german'...
Package biblatex Info: ... file 'german.lbx' found.
 (/usr/share/texlive/texmf-dist/tex/latex/biblatex/lbx/german.lbx
File: german.lbx 2023/03/05 v3.19 biblatex localization (PK/MW)
)))
Package biblatex Info: Trying to load language 'ngerman'...
Package biblatex Info: ... file 'ngerman.lbx' found.
 (/usr/share/texlive/texmf-dist/tex/latex/biblatex/lbx/ngerman.lbx
File: ngerman.lbx 2023/03/05 v3.19 biblatex localization (PK/MW)
Package biblatex Info: Trying to load language 'german' -> 'cms-german'...
Package biblatex Info: ... file 'cms-german.lbx' found.
 (/usr/share/texlive/texmf-dist/tex/latex/biblatex-chicago/cms-german.lbx
File: cms-german.lbx 2022/07/02 v 3.18 biblatex localization
Package biblatex Info: Trying to load language 'german'...
Package biblatex Info: ... file 'german.lbx' found.
 (/usr/share/texlive/texmf-dist/tex/latex/biblatex/lbx/german.lbx
File: german.lbx 2023/03/05 v3.19 biblatex localization (PK/MW)
))))
Package biblatex Info: Input encoding 'utf8' detected.
Package biblatex Info: Automatic encoding selection.
(biblatex)             Assuming data encoding 'utf8'.
\openout5 = `myposter-front.bcf'.

Package biblatex Info: Trying to load bibliographic data...
Package biblatex Info: ... file 'myposter-front.bbl' found.
 (./myposter-front.bbl)
Package biblatex Info: Reference section=0 on input line 72.
Package biblatex Info: Reference segment=0 on input line 72.
\c@mv@tabular=\count572
\c@mv@boldtabular=\count573


Package mathdesign/mdbch Warning: Package 'amssymb' shouldn't be used in conjonction with package mdbch, on input line 72.


Package mathdesign/mdbch Warning: Package 'amsfonts' shouldn't be used in conjonction with package mdbch, on input line 72.

LaTeX Font Info:    Font shape `T1/XCharter-TLF/m/n' will be
(Font)              scaled to size 71.32849pt on input line 72.
LaTeX Font Info:    Font shape `T1/XCharter-TLF/b/n' will be
(Font)              scaled to size 71.32849pt on input line 72.
LaTeX Font Info:    Font shape `T1/FiraSans-TLF/sb/n' in size <74.3> not available
(Font)              Font shape `T1/FiraSans-TLF/semibold/n' tried instead on input line 72.
LaTeX Font Info:    Font shape `T1/FiraSans-TLF/semibold/n' will be
(Font)              scaled to size 65.38435pt on input line 72.
Package microtype Info: Loading generic protrusion settings for font family
(microtype)             `FiraSans-TLF' (encoding: T1).
(microtype)             For optimal results, create family-specific settings.
(microtype)             See the microtype manual for details.
LaTeX Font Info:    Font shape `T1/FiraSans-TLF/sb/n' in size <43> not available
(Font)              Font shape `T1/FiraSans-TLF/semibold/n' tried instead on input line 72.
LaTeX Font Info:    Font shape `T1/FiraSans-TLF/semibold/n' will be
(Font)              scaled to size 37.84021pt on input line 72.
LaTeX Font Info:    Calculating math sizes for size <74.3> on input line 72.
LaTeX Font Info:    Trying to load font information for OT1+mdbch on input line 72.
(/usr/share/texlive/texmf-dist/tex/latex/mathdesign/mdbch/ot1mdbch.fd
File: ot1mdbch.fd 2013/08/29 Fontinst v1.933 font definitions for OT1/mdbch.
)
LaTeX Font Info:    Font shape `OT1/mdbch/b/n' will be
(Font)              scaled to size 71.32849pt on input line 72.
LaTeX Font Info:    Font shape `OT1/mdbch/b/n' will be
(Font)              scaled to size 49.92972pt on input line 72.
LaTeX Font Info:    Font shape `OT1/mdbch/b/n' will be
(Font)              scaled to size 35.66423pt on input line 72.
LaTeX Font Info:    Trying to load font information for OML+mdbch on input line 72.
 (/usr/share/texlive/texmf-dist/tex/latex/mathdesign/mdbch/omlmdbch.fd
File: omlmdbch.fd 2013/08/29 Fontinst v1.933 font definitions for OML/mdbch.
)
LaTeX Font Info:    Font shape `OML/mdbch/b/it' will be
(Font)              scaled to size 71.32849pt on input line 72.
LaTeX Font Info:    Font shape `OML/mdbch/b/it' will be
(Font)              scaled to size 49.92972pt on input line 72.
LaTeX Font Info:    Font shape `OML/mdbch/b/it' will be
(Font)              scaled to size 35.66423pt on input line 72.
LaTeX Font Info:    Trying to load font information for OMS+mdbch on input line 72.
 (/usr/share/texlive/texmf-dist/tex/latex/mathdesign/mdbch/omsmdbch.fd
File: omsmdbch.fd 2013/08/29 Fontinst v1.933 font definitions for OMS/mdbch.
)
LaTeX Font Info:    Font shape `OMS/mdbch/b/n' will be
(Font)              scaled to size 71.32849pt on input line 72.
LaTeX Font Info:    Font shape `OMS/mdbch/b/n' will be
(Font)              scaled to size 49.92972pt on input line 72.
LaTeX Font Info:    Font shape `OMS/mdbch/b/n' will be
(Font)              scaled to size 35.66423pt on input line 72.
LaTeX Font Info:    Trying to load font information for OMX+mdbch on input line 72.
 (/usr/share/texlive/texmf-dist/tex/latex/mathdesign/mdbch/omxmdbch.fd
File: omxmdbch.fd 2013/08/29 Fontinst v1.933 font definitions for OMX/mdbch.
)
LaTeX Font Info:    Font shape `OMX/mdbch/b/n' will be
(Font)              scaled to size 71.32849pt on input line 72.
LaTeX Font Info:    Font shape `OMX/mdbch/b/n' will be
(Font)              scaled to size 49.92972pt on input line 72.
LaTeX Font Info:    Font shape `OMX/mdbch/b/n' will be
(Font)              scaled to size 35.66423pt on input line 72.
 (/usr/share/texlive/texmf-dist/tex/latex/microtype/mt-msa.cfg
File: mt-msa.cfg 2006/02/04 v1.1 microtype config. file: AMS symbols (a) (RS)
) (/usr/share/texlive/texmf-dist/tex/latex/microtype/mt-msb.cfg
File: mt-msb.cfg 2005/06/01 v1.0 microtype config. file: AMS symbols (b) (RS)
)
LaTeX Font Info:    Trying to load font information for OT1+mathkerncmss on input line 72.
 (/usr/share/texlive/texmf-dist/tex/latex/sansmathaccent/ot1mathkerncmss.fd
File: ot1mathkerncmss.fd 2020/01/31 Fontinst v1.933 font definitions for OT1/mathkerncmss.
)
Package microtype Info: Loading generic protrusion settings for font family
(microtype)             `mathkerncmss' (encoding: OT1).
(microtype)             For optimal results, create family-specific settings.
(microtype)             See the microtype manual for details.
LaTeX Font Info:    Font shape `OML/mdbch/b/n' will be
(Font)              scaled to size 71.32849pt on input line 72.
LaTeX Font Info:    Font shape `OML/mdbch/b/n' will be
(Font)              scaled to size 49.92972pt on input line 72.
LaTeX Font Info:    Font shape `OML/mdbch/b/n' will be
(Font)              scaled to size 35.66423pt on input line 72.
LaTeX Font Info:    Trying to load font information for MDA+mdbch on input line 72.
 (/usr/share/texlive/texmf-dist/tex/latex/mathdesign/mdbch/mdamdbch.fd
File: mdamdbch.fd 2013/08/29 Fontinst v1.933 font definitions for MDA/mdbch.
)
LaTeX Font Info:    Font shape `MDA/mdbch/b/n' will be
(Font)              scaled to size 71.32849pt on input line 72.
LaTeX Font Info:    Font shape `MDA/mdbch/b/n' will be
(Font)              scaled to size 49.92972pt on input line 72.
LaTeX Font Info:    Font shape `MDA/mdbch/b/n' will be
(Font)              scaled to size 35.66423pt on input line 72.
LaTeX Font Info:    Trying to load font information for MDB+mdbch on input line 72.
 (/usr/share/texlive/texmf-dist/tex/latex/mathdesign/mdbch/mdbmdbch.fd
File: mdbmdbch.fd 2013/08/29 Fontinst v1.933 font definitions for MDB/mdbch.
)
LaTeX Font Info:    Font shape `MDB/mdbch/b/n' will be
(Font)              scaled to size 71.32849pt on input line 72.
LaTeX Font Info:    Font shape `MDB/mdbch/b/n' will be
(Font)              scaled to size 49.92972pt on input line 72.
LaTeX Font Info:    Font shape `MDB/mdbch/b/n' will be
(Font)              scaled to size 35.66423pt on input line 72.
LaTeX Font Info:    Trying to load font information for OMS+cmbrs on input line 72.
 (/usr/share/texlive/texmf-dist/tex/latex/cmbright/omscmbrs.fd
File: omscmbrs.fd 2005/04/13 v8.1 (WaS)
)
LaTeX Font Info:    Font shape `T1/mdbch/b/n' will be
(Font)              scaled to size 71.32849pt on input line 72.
LaTeX Font Info:    Font shape `T1/mdbch/b/n' will be
(Font)              scaled to size 49.92972pt on input line 72.
LaTeX Font Info:    Font shape `T1/mdbch/b/n' will be
(Font)              scaled to size 35.66423pt on input line 72.
LaTeX Font Info:    Font shape `T1/mdbch/b/it' will be
(Font)              scaled to size 71.32849pt on input line 72.
LaTeX Font Info:    Font shape `T1/mdbch/b/it' will be
(Font)              scaled to size 49.92972pt on input line 72.
LaTeX Font Info:    Font shape `T1/mdbch/b/it' will be
(Font)              scaled to size 35.66423pt on input line 72.
LaTeX Font Info:    Font shape `OT1/mdbch/m/n' will be
(Font)              scaled to size 71.32849pt on input line 72.
LaTeX Font Info:    Font shape `OT1/mdbch/m/n' will be
(Font)              scaled to size 49.92972pt on input line 72.
LaTeX Font Info:    Font shape `OT1/mdbch/m/n' will be
(Font)              scaled to size 35.66423pt on input line 72.
LaTeX Font Info:    Font shape `OML/mdbch/m/it' will be
(Font)              scaled to size 71.32849pt on input line 72.
LaTeX Font Info:    Font shape `OML/mdbch/m/it' will be
(Font)              scaled to size 49.92972pt on input line 72.
LaTeX Font Info:    Font shape `OML/mdbch/m/it' will be
(Font)              scaled to size 35.66423pt on input line 72.
LaTeX Font Info:    Font shape `OMS/mdbch/m/n' will be
(Font)              scaled to size 71.32849pt on input line 72.
LaTeX Font Info:    Font shape `OMS/mdbch/m/n' will be
(Font)              scaled to size 49.92972pt on input line 72.
LaTeX Font Info:    Font shape `OMS/mdbch/m/n' will be
(Font)              scaled to size 35.66423pt on input line 72.
LaTeX Font Info:    Font shape `OMX/mdbch/m/n' will be
(Font)              scaled to size 71.32849pt on input line 72.
LaTeX Font Info:    Font shape `OMX/mdbch/m/n' will be
(Font)              scaled to size 49.92972pt on input line 72.
LaTeX Font Info:    Font shape `OMX/mdbch/m/n' will be
(Font)              scaled to size 35.66423pt on input line 72.
LaTeX Font Info:    Font shape `OML/mdbch/m/n' will be
(Font)              scaled to size 71.32849pt on input line 72.
LaTeX Font Info:    Font shape `OML/mdbch/m/n' will be
(Font)              scaled to size 49.92972pt on input line 72.
LaTeX Font Info:    Font shape `OML/mdbch/m/n' will be
(Font)              scaled to size 35.66423pt on input line 72.
LaTeX Font Info:    Font shape `MDA/mdbch/m/n' will be
(Font)              scaled to size 71.32849pt on input line 72.
LaTeX Font Info:    Font shape `MDA/mdbch/m/n' will be
(Font)              scaled to size 49.92972pt on input line 72.
LaTeX Font Info:    Font shape `MDA/mdbch/m/n' will be
(Font)              scaled to size 35.66423pt on input line 72.
LaTeX Font Info:    Font shape `MDB/mdbch/m/n' will be
(Font)              scaled to size 71.32849pt on input line 72.
LaTeX Font Info:    Font shape `MDB/mdbch/m/n' will be
(Font)              scaled to size 49.92972pt on input line 72.
LaTeX Font Info:    Font shape `MDB/mdbch/m/n' will be
(Font)              scaled to size 35.66423pt on input line 72.
LaTeX Font Info:    Font shape `T1/mdbch/m/n' will be
(Font)              scaled to size 71.32849pt on input line 72.
LaTeX Font Info:    Font shape `T1/mdbch/m/n' will be
(Font)              scaled to size 49.92972pt on input line 72.
LaTeX Font Info:    Font shape `T1/mdbch/m/n' will be
(Font)              scaled to size 35.66423pt on input line 72.
LaTeX Font Info:    Font shape `T1/mdbch/m/it' will be
(Font)              scaled to size 71.32849pt on input line 72.
LaTeX Font Info:    Font shape `T1/mdbch/m/it' will be
(Font)              scaled to size 49.92972pt on input line 72.
LaTeX Font Info:    Font shape `T1/mdbch/m/it' will be
(Font)              scaled to size 35.66423pt on input line 72.
LaTeX Font Info:    Font shape `T1/XCharter-TLF/m/n' will be
(Font)              scaled to size 41.28029pt on input line 72.
LaTeX Font Info:    Font shape `T1/FiraSans-TLF/sl/n' in size <43> not available
(Font)              Font shape `T1/FiraSans-TLF/book/n' tried instead on input line 72.
LaTeX Font Info:    Font shape `T1/FiraSans-TLF/book/n' will be
(Font)              scaled to size 37.84021pt on input line 72.
LaTeX Font Info:    Calculating math sizes for size <43> on input line 72.
LaTeX Font Info:    Font shape `OT1/mdbch/m/n' will be
(Font)              scaled to size 41.28029pt on input line 72.
LaTeX Font Info:    Font shape `OT1/mdbch/m/n' will be
(Font)              scaled to size 28.89607pt on input line 72.
LaTeX Font Info:    Font shape `OT1/mdbch/m/n' will be
(Font)              scaled to size 20.64014pt on input line 72.
LaTeX Font Info:    Font shape `OML/mdbch/m/it' will be
(Font)              scaled to size 41.28029pt on input line 72.
LaTeX Font Info:    Font shape `OML/mdbch/m/it' will be
(Font)              scaled to size 28.89607pt on input line 72.
LaTeX Font Info:    Font shape `OML/mdbch/m/it' will be
(Font)              scaled to size 20.64014pt on input line 72.
LaTeX Font Info:    Font shape `OMS/mdbch/m/n' will be
(Font)              scaled to size 41.28029pt on input line 72.
LaTeX Font Info:    Font shape `OMS/mdbch/m/n' will be
(Font)              scaled to size 28.89607pt on input line 72.
LaTeX Font Info:    Font shape `OMS/mdbch/m/n' will be
(Font)              scaled to size 20.64014pt on input line 72.
LaTeX Font Info:    Font shape `OMX/mdbch/m/n' will be
(Font)              scaled to size 41.28029pt on input line 72.
LaTeX Font Info:    Font shape `OMX/mdbch/m/n' will be
(Font)              scaled to size 28.89607pt on input line 72.
LaTeX Font Info:    Font shape `OMX/mdbch/m/n' will be
(Font)              scaled to size 20.64014pt on input line 72.
LaTeX Font Info:    Font shape `OML/mdbch/m/n' will be
(Font)              scaled to size 41.28029pt on input line 72.
LaTeX Font Info:    Font shape `OML/mdbch/m/n' will be
(Font)              scaled to size 28.89607pt on input line 72.
LaTeX Font Info:    Font shape `OML/mdbch/m/n' will be
(Font)              scaled to size 20.64014pt on input line 72.
LaTeX Font Info:    Font shape `MDA/mdbch/m/n' will be
(Font)              scaled to size 41.28029pt on input line 72.
LaTeX Font Info:    Font shape `MDA/mdbch/m/n' will be
(Font)              scaled to size 28.89607pt on input line 72.
LaTeX Font Info:    Font shape `MDA/mdbch/m/n' will be
(Font)              scaled to size 20.64014pt on input line 72.
LaTeX Font Info:    Font shape `MDB/mdbch/m/n' will be
(Font)              scaled to size 41.28029pt on input line 72.
LaTeX Font Info:    Font shape `MDB/mdbch/m/n' will be
(Font)              scaled to size 28.89607pt on input line 72.
LaTeX Font Info:    Font shape `MDB/mdbch/m/n' will be
(Font)              scaled to size 20.64014pt on input line 72.
LaTeX Font Info:    Font shape `T1/mdbch/m/n' will be
(Font)              scaled to size 41.28029pt on input line 72.
LaTeX Font Info:    Font shape `T1/mdbch/m/n' will be
(Font)              scaled to size 28.89607pt on input line 72.
LaTeX Font Info:    Font shape `T1/mdbch/m/n' will be
(Font)              scaled to size 20.64014pt on input line 72.
LaTeX Font Info:    Font shape `T1/mdbch/m/it' will be
(Font)              scaled to size 41.28029pt on input line 72.
LaTeX Font Info:    Font shape `T1/mdbch/m/it' will be
(Font)              scaled to size 28.89607pt on input line 72.
LaTeX Font Info:    Font shape `T1/mdbch/m/it' will be
(Font)              scaled to size 20.64014pt on input line 72.
LaTeX Font Info:    Font shape `T1/XCharter-TLF/m/n' will be
(Font)              scaled to size 34.39703pt on input line 72.
LaTeX Font Info:    Font shape `T1/FiraSans-TLF/sl/n' in size <35.83> not available
(Font)              Font shape `T1/FiraSans-TLF/book/n' tried instead on input line 72.
LaTeX Font Info:    Font shape `T1/FiraSans-TLF/book/n' will be
(Font)              scaled to size 31.53056pt on input line 72.
LaTeX Font Info:    Calculating math sizes for size <35.83> on input line 72.
LaTeX Font Info:    Font shape `OT1/mdbch/m/n' will be
(Font)              scaled to size 34.39703pt on input line 72.
LaTeX Font Info:    Font shape `OT1/mdbch/m/n' will be
(Font)              scaled to size 24.0778pt on input line 72.
LaTeX Font Info:    Font shape `OT1/mdbch/m/n' will be
(Font)              scaled to size 17.1985pt on input line 72.
LaTeX Font Info:    Font shape `OML/mdbch/m/it' will be
(Font)              scaled to size 34.39703pt on input line 72.
LaTeX Font Info:    Font shape `OML/mdbch/m/it' will be
(Font)              scaled to size 24.0778pt on input line 72.
LaTeX Font Info:    Font shape `OML/mdbch/m/it' will be
(Font)              scaled to size 17.1985pt on input line 72.
LaTeX Font Info:    Font shape `OMS/mdbch/m/n' will be
(Font)              scaled to size 34.39703pt on input line 72.
LaTeX Font Info:    Font shape `OMS/mdbch/m/n' will be
(Font)              scaled to size 24.0778pt on input line 72.
LaTeX Font Info:    Font shape `OMS/mdbch/m/n' will be
(Font)              scaled to size 17.1985pt on input line 72.
LaTeX Font Info:    Font shape `OMX/mdbch/m/n' will be
(Font)              scaled to size 34.39703pt on input line 72.
LaTeX Font Info:    Font shape `OMX/mdbch/m/n' will be
(Font)              scaled to size 24.0778pt on input line 72.
LaTeX Font Info:    Font shape `OMX/mdbch/m/n' will be
(Font)              scaled to size 17.1985pt on input line 72.
LaTeX Font Info:    Font shape `OML/mdbch/m/n' will be
(Font)              scaled to size 34.39703pt on input line 72.
LaTeX Font Info:    Font shape `OML/mdbch/m/n' will be
(Font)              scaled to size 24.0778pt on input line 72.
LaTeX Font Info:    Font shape `OML/mdbch/m/n' will be
(Font)              scaled to size 17.1985pt on input line 72.
LaTeX Font Info:    Font shape `MDA/mdbch/m/n' will be
(Font)              scaled to size 34.39703pt on input line 72.
LaTeX Font Info:    Font shape `MDA/mdbch/m/n' will be
(Font)              scaled to size 24.0778pt on input line 72.
LaTeX Font Info:    Font shape `MDA/mdbch/m/n' will be
(Font)              scaled to size 17.1985pt on input line 72.
LaTeX Font Info:    Font shape `MDB/mdbch/m/n' will be
(Font)              scaled to size 34.39703pt on input line 72.
LaTeX Font Info:    Font shape `MDB/mdbch/m/n' will be
(Font)              scaled to size 24.0778pt on input line 72.
LaTeX Font Info:    Font shape `MDB/mdbch/m/n' will be
(Font)              scaled to size 17.1985pt on input line 72.
LaTeX Font Info:    Font shape `T1/mdbch/m/n' will be
(Font)              scaled to size 34.39703pt on input line 72.
LaTeX Font Info:    Font shape `T1/mdbch/m/n' will be
(Font)              scaled to size 24.0778pt on input line 72.
LaTeX Font Info:    Font shape `T1/mdbch/m/n' will be
(Font)              scaled to size 17.1985pt on input line 72.
LaTeX Font Info:    Font shape `T1/mdbch/m/it' will be
(Font)              scaled to size 34.39703pt on input line 72.
LaTeX Font Info:    Font shape `T1/mdbch/m/it' will be
(Font)              scaled to size 24.0778pt on input line 72.
LaTeX Font Info:    Font shape `T1/mdbch/m/it' will be
(Font)              scaled to size 17.1985pt on input line 72.
 (./myposter-front.nav)
LaTeX Font Info:    Font shape `T1/XCharter-TLF/m/n' will be
(Font)              scaled to size 13.82408pt on input line 72.
LaTeX Font Info:    Font shape `T1/XCharter-TLF/b/n' will be
(Font)              scaled to size 28.66579pt on input line 331.
LaTeX Font Info:    Font shape `T1/FiraSans-TLF/sb/n' in size <29.86> not available
(Font)              Font shape `T1/FiraSans-TLF/semibold/n' tried instead on input line 331.
LaTeX Font Info:    Font shape `T1/FiraSans-TLF/semibold/n' will be
(Font)              scaled to size 26.27693pt on input line 331.
LaTeX Font Info:    Font shape `T1/FiraSans-TLF/sb/n' in size <35.83> not available
(Font)              Font shape `T1/FiraSans-TLF/semibold/n' tried instead on input line 331.
LaTeX Font Info:    Font shape `T1/FiraSans-TLF/semibold/n' will be
(Font)              scaled to size 31.53056pt on input line 331.
LaTeX Font Info:    Font shape `T1/FiraSans-TLF/sb/n' in size <106.99> not available
(Font)              Font shape `T1/FiraSans-TLF/semibold/n' tried instead on input line 331.
LaTeX Font Info:    Font shape `T1/FiraSans-TLF/semibold/n' will be
(Font)              scaled to size 94.15172pt on input line 331.
LaTeX Font Info:    Font shape `OT1/mdbch/bx/n' in size <35.83> not available
(Font)              Font shape `OT1/mdbch/b/n' tried instead on input line 331.
LaTeX Font Info:    Font shape `OT1/mdbch/b/n' will be
(Font)              scaled to size 34.39703pt on input line 331.
LaTeX Font Info:    Font shape `OT1/mdbch/bx/n' in size <25.08089> not available
(Font)              Font shape `OT1/mdbch/b/n' tried instead on input line 331.
LaTeX Font Info:    Font shape `OT1/mdbch/b/n' will be
(Font)              scaled to size 24.0778pt on input line 331.
LaTeX Font Info:    Font shape `OT1/mdbch/bx/n' in size <17.915> not available
(Font)              Font shape `OT1/mdbch/b/n' tried instead on input line 331.
LaTeX Font Info:    Font shape `OT1/mdbch/b/n' will be
(Font)              scaled to size 17.1985pt on input line 331.
LaTeX Font Info:    Trying to load font information for OML+jkpss on input line 331.
 (/usr/share/texlive/texmf-dist/tex/latex/kpfonts/omljkpss.fd
File: omljkpss.fd 2006/08/15 v1.0
)
LaTeX Font Info:    Trying to load font information for OMS+jkp on input line 331.
 (/usr/share/texlive/texmf-dist/tex/latex/kpfonts/omsjkp.fd
File: omsjkp.fd 2006/08/15 v1.0
)
LaTeX Font Info:    Font shape `OMX/mdbch/bx/n' in size <35.83> not available
(Font)              Font shape `OMX/mdbch/b/n' tried instead on input line 331.
LaTeX Font Info:    Font shape `OMX/mdbch/b/n' will be
(Font)              scaled to size 34.39703pt on input line 331.
LaTeX Font Info:    Font shape `OMX/mdbch/bx/n' in size <25.08089> not available
(Font)              Font shape `OMX/mdbch/b/n' tried instead on input line 331.
LaTeX Font Info:    Font shape `OMX/mdbch/b/n' will be
(Font)              scaled to size 24.0778pt on input line 331.
LaTeX Font Info:    Font shape `OMX/mdbch/bx/n' in size <17.915> not available
(Font)              Font shape `OMX/mdbch/b/n' tried instead on input line 331.
LaTeX Font Info:    Font shape `OMX/mdbch/b/n' will be
(Font)              scaled to size 17.1985pt on input line 331.
LaTeX Font Info:    Font shape `T1/FiraSans-TLF/sb/n' in size <25.08089> not available
(Font)              Font shape `T1/FiraSans-TLF/semibold/n' tried instead on input line 331.
LaTeX Font Info:    Font shape `T1/FiraSans-TLF/semibold/n' will be
(Font)              scaled to size 22.07129pt on input line 331.
LaTeX Font Info:    Font shape `T1/FiraSans-TLF/sb/n' in size <17.915> not available
(Font)              Font shape `T1/FiraSans-TLF/semibold/n' tried instead on input line 331.
LaTeX Font Info:    Font shape `T1/FiraSans-TLF/semibold/n' will be
(Font)              scaled to size 15.76527pt on input line 331.
LaTeX Font Info:    Font shape `T1/FiraSans-TLF/sb/it' in size <35.83> not available
(Font)              Font shape `T1/FiraSans-TLF/semibold/it' tried instead on input line 331.
LaTeX Font Info:    Font shape `T1/FiraSans-TLF/semibold/it' will be
(Font)              scaled to size 31.53056pt on input line 331.
LaTeX Font Info:    Font shape `T1/FiraSans-TLF/sb/it' in size <25.08089> not available
(Font)              Font shape `T1/FiraSans-TLF/semibold/it' tried instead on input line 331.
LaTeX Font Info:    Font shape `T1/FiraSans-TLF/semibold/it' will be
(Font)              scaled to size 22.07129pt on input line 331.
LaTeX Font Info:    Font shape `T1/FiraSans-TLF/sb/it' in size <17.915> not available
(Font)              Font shape `T1/FiraSans-TLF/semibold/it' tried instead on input line 331.
LaTeX Font Info:    Font shape `T1/FiraSans-TLF/semibold/it' will be
(Font)              scaled to size 15.76527pt on input line 331.

Overfull \hbox (9.0pt too wide) in paragraph at lines 331--331
 [][][]  
 []

LaTeX Font Info:    Calculating math sizes for size <29.86> on input line 331.
LaTeX Font Info:    Font shape `OT1/mdbch/m/n' will be
(Font)              scaled to size 28.66579pt on input line 331.
LaTeX Font Info:    Font shape `OT1/mdbch/m/n' will be
(Font)              scaled to size 20.06596pt on input line 331.
LaTeX Font Info:    Font shape `OT1/mdbch/m/n' will be
(Font)              scaled to size 14.33289pt on input line 331.
LaTeX Font Info:    Font shape `OML/mdbch/m/it' will be
(Font)              scaled to size 28.66579pt on input line 331.
LaTeX Font Info:    Font shape `OML/mdbch/m/it' will be
(Font)              scaled to size 20.06596pt on input line 331.
LaTeX Font Info:    Font shape `OML/mdbch/m/it' will be
(Font)              scaled to size 14.33289pt on input line 331.
LaTeX Font Info:    Font shape `OMS/mdbch/m/n' will be
(Font)              scaled to size 28.66579pt on input line 331.
LaTeX Font Info:    Font shape `OMS/mdbch/m/n' will be
(Font)              scaled to size 20.06596pt on input line 331.
LaTeX Font Info:    Font shape `OMS/mdbch/m/n' will be
(Font)              scaled to size 14.33289pt on input line 331.
LaTeX Font Info:    Font shape `OMX/mdbch/m/n' will be
(Font)              scaled to size 28.66579pt on input line 331.
LaTeX Font Info:    Font shape `OMX/mdbch/m/n' will be
(Font)              scaled to size 20.06596pt on input line 331.
LaTeX Font Info:    Font shape `OMX/mdbch/m/n' will be
(Font)              scaled to size 14.33289pt on input line 331.
LaTeX Font Info:    Font shape `OML/mdbch/m/n' will be
(Font)              scaled to size 28.66579pt on input line 331.
LaTeX Font Info:    Font shape `OML/mdbch/m/n' will be
(Font)              scaled to size 20.06596pt on input line 331.
LaTeX Font Info:    Font shape `OML/mdbch/m/n' will be
(Font)              scaled to size 14.33289pt on input line 331.
LaTeX Font Info:    Font shape `MDA/mdbch/m/n' will be
(Font)              scaled to size 28.66579pt on input line 331.
LaTeX Font Info:    Font shape `MDA/mdbch/m/n' will be
(Font)              scaled to size 20.06596pt on input line 331.
LaTeX Font Info:    Font shape `MDA/mdbch/m/n' will be
(Font)              scaled to size 14.33289pt on input line 331.
LaTeX Font Info:    Font shape `MDB/mdbch/m/n' will be
(Font)              scaled to size 28.66579pt on input line 331.
LaTeX Font Info:    Font shape `MDB/mdbch/m/n' will be
(Font)              scaled to size 20.06596pt on input line 331.
LaTeX Font Info:    Font shape `MDB/mdbch/m/n' will be
(Font)              scaled to size 14.33289pt on input line 331.
LaTeX Font Info:    Font shape `T1/mdbch/m/n' will be
(Font)              scaled to size 28.66579pt on input line 331.
LaTeX Font Info:    Font shape `T1/mdbch/m/n' will be
(Font)              scaled to size 20.06596pt on input line 331.
LaTeX Font Info:    Font shape `T1/mdbch/m/n' will be
(Font)              scaled to size 14.33289pt on input line 331.
LaTeX Font Info:    Font shape `T1/mdbch/m/it' will be
(Font)              scaled to size 28.66579pt on input line 331.
LaTeX Font Info:    Font shape `T1/mdbch/m/it' will be
(Font)              scaled to size 20.06596pt on input line 331.
LaTeX Font Info:    Font shape `T1/mdbch/m/it' will be
(Font)              scaled to size 14.33289pt on input line 331.
LaTeX Font Info:    Font shape `T1/FiraSans-TLF/sl/n' in size <29.86> not available
(Font)              Font shape `T1/FiraSans-TLF/book/n' tried instead on input line 331.
LaTeX Font Info:    Font shape `T1/FiraSans-TLF/book/n' will be
(Font)              scaled to size 26.27693pt on input line 331.

Overfull \hbox (9.0pt too wide) in paragraph at lines 331--331
 [][][]  
 []

LaTeX Font Info:    Font shape `T1/FiraSans-TLF/sl/n' in size <20.9019> not available
(Font)              Font shape `T1/FiraSans-TLF/book/n' tried instead on input line 331.
LaTeX Font Info:    Font shape `T1/FiraSans-TLF/book/n' will be
(Font)              scaled to size 18.39377pt on input line 331.
LaTeX Font Info:    Font shape `T1/FiraSans-TLF/sl/n' in size <14.93> not available
(Font)              Font shape `T1/FiraSans-TLF/book/n' tried instead on input line 331.
LaTeX Font Info:    Font shape `T1/FiraSans-TLF/book/n' will be
(Font)              scaled to size 13.13846pt on input line 331.
LaTeX Font Info:    Font shape `T1/FiraSans-TLF/sl/it' in size <29.86> not available
(Font)              Font shape `T1/FiraSans-TLF/book/it' tried instead on input line 331.
LaTeX Font Info:    Font shape `T1/FiraSans-TLF/book/it' will be
(Font)              scaled to size 26.27693pt on input line 331.
LaTeX Font Info:    Font shape `T1/FiraSans-TLF/sl/it' in size <20.9019> not available
(Font)              Font shape `T1/FiraSans-TLF/book/it' tried instead on input line 331.
LaTeX Font Info:    Font shape `T1/FiraSans-TLF/book/it' will be
(Font)              scaled to size 18.39377pt on input line 331.
LaTeX Font Info:    Font shape `T1/FiraSans-TLF/sl/it' in size <14.93> not available
(Font)              Font shape `T1/FiraSans-TLF/book/it' tried instead on input line 331.
LaTeX Font Info:    Font shape `T1/FiraSans-TLF/book/it' will be
(Font)              scaled to size 13.13846pt on input line 331.

Overfull \hbox (9.0pt too wide) in paragraph at lines 331--331
 [][][]  
 []


Package fontaxes Warning: I don't know how to decode
(fontaxes)                math `boldsans' on input line 331.


Package fontaxes Warning: I don't know how to decode
(fontaxes)                math `sans' on input line 331.

LaTeX Font Info:    Trying to load font information for TS1+FiraSans-TLF on input line 331.
(/usr/share/texlive/texmf-dist/tex/latex/fira/TS1FiraSans-TLF.fd
File: TS1FiraSans-TLF.fd 2019/10/10 (autoinst) Font definitions for TS1/FiraSans-TLF.
)
LaTeX Font Info:    Font shape `TS1/FiraSans-TLF/sb/n' in size <29.86> not available
(Font)              Font shape `TS1/FiraSans-TLF/semibold/n' tried instead on input line 331.
LaTeX Font Info:    Font shape `TS1/FiraSans-TLF/semibold/n' will be
(Font)              scaled to size 26.27693pt on input line 331.
Package microtype Info: Loading generic protrusion settings for font family
(microtype)             `FiraSans-TLF' (encoding: TS1).
(microtype)             For optimal results, create family-specific settings.
(microtype)             See the microtype manual for details.
LaTeX Font Info:    Font shape `OT1/mdbch/bx/n' in size <29.86> not available
(Font)              Font shape `OT1/mdbch/b/n' tried instead on input line 331.
LaTeX Font Info:    Font shape `OT1/mdbch/b/n' will be
(Font)              scaled to size 28.66579pt on input line 331.
LaTeX Font Info:    Font shape `OT1/mdbch/bx/n' in size <20.9019> not available
(Font)              Font shape `OT1/mdbch/b/n' tried instead on input line 331.
LaTeX Font Info:    Font shape `OT1/mdbch/b/n' will be
(Font)              scaled to size 20.06596pt on input line 331.
LaTeX Font Info:    Font shape `OT1/mdbch/bx/n' in size <14.93> not available
(Font)              Font shape `OT1/mdbch/b/n' tried instead on input line 331.
LaTeX Font Info:    Font shape `OT1/mdbch/b/n' will be
(Font)              scaled to size 14.33289pt on input line 331.
LaTeX Font Info:    Font shape `OMX/mdbch/bx/n' in size <29.86> not available
(Font)              Font shape `OMX/mdbch/b/n' tried instead on input line 331.
LaTeX Font Info:    Font shape `OMX/mdbch/b/n' will be
(Font)              scaled to size 28.66579pt on input line 331.
LaTeX Font Info:    Font shape `OMX/mdbch/bx/n' in size <20.9019> not available
(Font)              Font shape `OMX/mdbch/b/n' tried instead on input line 331.
LaTeX Font Info:    Font shape `OMX/mdbch/b/n' will be
(Font)              scaled to size 20.06596pt on input line 331.
LaTeX Font Info:    Font shape `OMX/mdbch/bx/n' in size <14.93> not available
(Font)              Font shape `OMX/mdbch/b/n' tried instead on input line 331.
LaTeX Font Info:    Font shape `OMX/mdbch/b/n' will be
(Font)              scaled to size 14.33289pt on input line 331.
LaTeX Font Info:    Font shape `T1/FiraSans-TLF/sb/n' in size <20.9019> not available
(Font)              Font shape `T1/FiraSans-TLF/semibold/n' tried instead on input line 331.
LaTeX Font Info:    Font shape `T1/FiraSans-TLF/semibold/n' will be
(Font)              scaled to size 18.39377pt on input line 331.
LaTeX Font Info:    Font shape `T1/FiraSans-TLF/sb/n' in size <14.93> not available
(Font)              Font shape `T1/FiraSans-TLF/semibold/n' tried instead on input line 331.
LaTeX Font Info:    Font shape `T1/FiraSans-TLF/semibold/n' will be
(Font)              scaled to size 13.13846pt on input line 331.
LaTeX Font Info:    Font shape `T1/FiraSans-TLF/sb/it' in size <29.86> not available
(Font)              Font shape `T1/FiraSans-TLF/semibold/it' tried instead on input line 331.
LaTeX Font Info:    Font shape `T1/FiraSans-TLF/semibold/it' will be
(Font)              scaled to size 26.27693pt on input line 331.
LaTeX Font Info:    Font shape `T1/FiraSans-TLF/sb/it' in size <20.9019> not available
(Font)              Font shape `T1/FiraSans-TLF/semibold/it' tried instead on input line 331.
LaTeX Font Info:    Font shape `T1/FiraSans-TLF/semibold/it' will be
(Font)              scaled to size 18.39377pt on input line 331.
LaTeX Font Info:    Font shape `T1/FiraSans-TLF/sb/it' in size <14.93> not available
(Font)              Font shape `T1/FiraSans-TLF/semibold/it' tried instead on input line 331.
LaTeX Font Info:    Font shape `T1/FiraSans-TLF/semibold/it' will be
(Font)              scaled to size 13.13846pt on input line 331.
LaTeX Font Info:    Font shape `T1/FiraSans-TLF/sl/n' in size <24.89> not available
(Font)              Font shape `T1/FiraSans-TLF/book/n' tried instead on input line 331.
LaTeX Font Info:    Font shape `T1/FiraSans-TLF/book/n' will be
(Font)              scaled to size 21.90332pt on input line 331.
LaTeX Font Info:    Font shape `T1/FiraSans-TLF/sb/n' in size <24.89> not available
(Font)              Font shape `T1/FiraSans-TLF/semibold/n' tried instead on input line 331.
LaTeX Font Info:    Font shape `T1/FiraSans-TLF/semibold/n' will be
(Font)              scaled to size 21.90332pt on input line 331.
LaTeX Font Info:    Calculating math sizes for size <24.89> on input line 331.
LaTeX Font Info:    Font shape `OT1/mdbch/m/n' will be
(Font)              scaled to size 23.89456pt on input line 331.
LaTeX Font Info:    Font shape `OT1/mdbch/m/n' will be
(Font)              scaled to size 16.7261pt on input line 331.
LaTeX Font Info:    Font shape `OT1/mdbch/m/n' will be
(Font)              scaled to size 11.94727pt on input line 331.
LaTeX Font Info:    Font shape `OMX/mdbch/m/n' will be
(Font)              scaled to size 23.89456pt on input line 331.
LaTeX Font Info:    Font shape `OMX/mdbch/m/n' will be
(Font)              scaled to size 16.7261pt on input line 331.
LaTeX Font Info:    Font shape `OMX/mdbch/m/n' will be
(Font)              scaled to size 11.94727pt on input line 331.
LaTeX Font Info:    Font shape `OMS/mdbch/m/n' will be
(Font)              scaled to size 23.89456pt on input line 331.
LaTeX Font Info:    Font shape `OMS/mdbch/m/n' will be
(Font)              scaled to size 16.7261pt on input line 331.
LaTeX Font Info:    Font shape `OMS/mdbch/m/n' will be
(Font)              scaled to size 11.94727pt on input line 331.
LaTeX Font Info:    Font shape `OML/mdbch/m/n' will be
(Font)              scaled to size 23.89456pt on input line 331.
LaTeX Font Info:    Font shape `OML/mdbch/m/n' will be
(Font)              scaled to size 16.7261pt on input line 331.
LaTeX Font Info:    Font shape `OML/mdbch/m/n' will be
(Font)              scaled to size 11.94727pt on input line 331.
LaTeX Font Info:    Font shape `MDA/mdbch/m/n' will be
(Font)              scaled to size 23.89456pt on input line 331.
LaTeX Font Info:    Font shape `MDA/mdbch/m/n' will be
(Font)              scaled to size 16.7261pt on input line 331.
LaTeX Font Info:    Font shape `MDA/mdbch/m/n' will be
(Font)              scaled to size 11.94727pt on input line 331.
LaTeX Font Info:    Font shape `MDB/mdbch/m/n' will be
(Font)              scaled to size 23.89456pt on input line 331.
LaTeX Font Info:    Font shape `MDB/mdbch/m/n' will be
(Font)              scaled to size 16.7261pt on input line 331.
LaTeX Font Info:    Font shape `MDB/mdbch/m/n' will be
(Font)              scaled to size 11.94727pt on input line 331.
LaTeX Font Info:    Font shape `T1/FiraSans-TLF/sl/n' in size <17.42291> not available
(Font)              Font shape `T1/FiraSans-TLF/book/n' tried instead on input line 331.
LaTeX Font Info:    Font shape `T1/FiraSans-TLF/book/n' will be
(Font)              scaled to size 15.33224pt on input line 331.
LaTeX Font Info:    Font shape `T1/FiraSans-TLF/sl/n' in size <12.44499> not available
(Font)              Font shape `T1/FiraSans-TLF/book/n' tried instead on input line 331.
LaTeX Font Info:    Font shape `T1/FiraSans-TLF/book/n' will be
(Font)              scaled to size 10.95164pt on input line 331.
LaTeX Font Info:    Font shape `T1/FiraSans-TLF/sl/it' in size <24.89> not available
(Font)              Font shape `T1/FiraSans-TLF/book/it' tried instead on input line 331.
LaTeX Font Info:    Font shape `T1/FiraSans-TLF/book/it' will be
(Font)              scaled to size 21.90332pt on input line 331.
LaTeX Font Info:    Font shape `T1/FiraSans-TLF/sl/it' in size <17.42291> not available
(Font)              Font shape `T1/FiraSans-TLF/book/it' tried instead on input line 331.
LaTeX Font Info:    Font shape `T1/FiraSans-TLF/book/it' will be
(Font)              scaled to size 15.33224pt on input line 331.
LaTeX Font Info:    Font shape `T1/FiraSans-TLF/sl/it' in size <12.44499> not available
(Font)              Font shape `T1/FiraSans-TLF/book/it' tried instead on input line 331.
LaTeX Font Info:    Font shape `T1/FiraSans-TLF/book/it' will be
(Font)              scaled to size 10.95164pt on input line 331.
LaTeX Font Info:    Font shape `T1/XCharter-TLF/m/n' will be
(Font)              scaled to size 3.84003pt on input line 331.
 [1

{/var/lib/texmf/fonts/map/pdftex/updmap/pdftex.map}{/usr/share/texlive/texmf-dist/fonts/enc/dvips/fira/fir_fmuqgy.enc}{/usr/share/texlive/texmf-dist/fonts/enc/dvips/xcharter/xch_rydp4l.enc}{/usr/share/texlive/texmf-dist/fonts/enc/dvips/fira/fir_fdi65k.enc}]
\tf@nav=\write7
\openout7 = `myposter-front.nav'.

\tf@toc=\write8
\openout8 = `myposter-front.toc'.

\tf@snm=\write9
\openout9 = `myposter-front.snm'.

 (./myposter-front.aux)
 ***********
LaTeX2e <2023-11-01> patch level 1
L3 programming layer <2020/03/25>
 ***********
Package rerunfilecheck Info: File `myposter-front.out' has not changed.
(rerunfilecheck)             Checksum: D41D8CD98F00B204E9800998ECF8427E;0.
Package logreq Info: Writing requests to 'myposter-front.run.xml'.
\openout1 = `myposter-front.run.xml'.

 ) 
Here is how much of TeX's memory you used:
 50597 strings out of 474222
 1065612 string characters out of 5748733
 2341525 words of memory out of 5000000
 71906 multiletter control sequences out of 15000+600000
 1168897 words of font info for 347 fonts, out of 8000000 for 9000
 1143 hyphenation exceptions out of 8191
 128i,29n,131p,1147b,9343s stack positions out of 10000i,1000n,20000p,200000b,200000s
</usr/share/texlive/texmf-dist/fonts/type1/public/fira/FiraSans-Book.pfb></usr/share/texlive/texmf-dist/fonts/type1/public/fira/FiraSans-BookItalic.pfb></usr/share/texlive/texmf-dist/fonts/type1/public/fira/FiraSans-SemiBold.pfb></usr/share/texlive/texmf-dist/fonts/type1/public/xcharter/XCharter-Roman.pfb>
Output written on myposter-front.pdf (1 page, 217059 bytes).
PDF statistics:
 51 PDF objects out of 1000 (max. 8388607)
 32 compressed objects within 1 object stream
 4 named destinations out of 1000 (max. 500000)
 57387 words of extra memory for PDF output out of 61914 (max. 10000000)

