This is pdfTeX, Version 3.141592653-2.6-1.40.28 (TeX Live 2025/Debian) (preloaded format=pdflatex 2026.9.4)  1 OCT 2026 09:40
entering extended mode
 restricted \write18 enabled.
 file:line:error style messages enabled.
 %&-line parsing enabled.
**/home/carl/GitHub/statistik-und-wahrheit/poster/Template_Poster
(/home/carl/GitHub/statistik-und-wahrheit/poster/Template_Poster.tex
LaTeX2e <2025-11-01>
L3 programming layer <2026-01-19>
(/usr/share/texlive/texmf-dist/tex/latex/beamer/beamer.cls
Document Class: beamer 2026/01/22 v3.77 A class for typesetting presentations
(/usr/share/texlive/texmf-dist/tex/latex/beamer/beamerbasemodes.sty (/usr/share/texlive/texmf-dist/tex/latex/etoolbox/etoolbox.sty
Package: etoolbox 2025/10/02 v2.5m e-TeX tools for LaTeX (JAW)
\etb@tempcnta=\count275
)
\beamer@tempbox=\box53
\beamer@tempcount=\count276
\c@beamerpauses=\count277
 (/usr/share/texlive/texmf-dist/tex/latex/beamer/beamerbasedecode.sty
\beamer@slideinframe=\count278
\beamer@minimum=\count279
\beamer@decode@box=\box54
)
\beamer@commentbox=\box55
\beamer@modecount=\count280
) (/usr/share/texlive/texmf-dist/tex/generic/iftex/iftex.sty
Package: iftex 2024/12/12 v1.0g TeX engine tests
)
\headdp=\dimen148
\footheight=\dimen149
\sidebarheight=\dimen150
\beamer@tempdim=\dimen151
\beamer@finalheight=\dimen152
\beamer@animht=\dimen153
\beamer@animdp=\dimen154
\beamer@animwd=\dimen155
\beamer@leftmargin=\dimen156
\beamer@rightmargin=\dimen157
\beamer@leftsidebar=\dimen158
\beamer@rightsidebar=\dimen159
\beamer@boxsize=\dimen160
\beamer@vboxoffset=\dimen161
\beamer@descdefault=\dimen162
\beamer@descriptionwidth=\dimen163
\beamer@lastskip=\skip49
\beamer@areabox=\box56
\beamer@animcurrent=\box57
\beamer@animshowbox=\box58
\beamer@sectionbox=\box59
\beamer@logobox=\box60
\beamer@linebox=\box61
\beamer@sectioncount=\count281
\beamer@subsubsectionmax=\count282
\beamer@subsectionmax=\count283
\beamer@sectionmax=\count284
\beamer@totalheads=\count285
\beamer@headcounter=\count286
\beamer@partstartpage=\count287
\beamer@sectionstartpage=\count288
\beamer@subsectionstartpage=\count289
\beamer@animationtempa=\count290
\beamer@animationtempb=\count291
\beamer@xpos=\count292
\beamer@ypos=\count293
\beamer@ypos@offset=\count294
\beamer@showpartnumber=\count295
\beamer@currentsubsection=\count296
\beamer@coveringdepth=\count297
\beamer@sectionadjust=\count298
\beamer@toclastsection=\count299
\beamer@tocsectionnumber=\count300
 (/usr/share/texlive/texmf-dist/tex/latex/beamer/beamerbaseoptions.sty (/usr/share/texlive/texmf-dist/tex/latex/graphics/keyval.sty
Package: keyval 2022/05/29 v1.15 key=value parser (DPC)
\KV@toks@=\toks17
))
\beamer@paperwidth=\skip50
\beamer@paperheight=\skip51
 (/usr/share/texlive/texmf-dist/tex/latex/geometry/geometry.sty
Package: geometry 2020/01/02 v5.9 Page Geometry
 (/usr/share/texlive/texmf-dist/tex/generic/iftex/ifvtex.sty
Package: ifvtex 2019/10/25 v1.7 ifvtex legacy package. Use iftex instead.
)
\Gm@cnth=\count301
\Gm@cntv=\count302
\c@Gm@tempcnt=\count303
\Gm@bindingoffset=\dimen164
\Gm@wd@mp=\dimen165
\Gm@odd@mp=\dimen166
\Gm@even@mp=\dimen167
\Gm@layoutwidth=\dimen168
\Gm@layoutheight=\dimen169
\Gm@layouthoffset=\dimen170
\Gm@layoutvoffset=\dimen171
\Gm@dimlist=\toks18
) (/usr/share/texlive/texmf-dist/tex/latex/pgf/math/pgfmath.sty (/usr/share/texlive/texmf-dist/tex/latex/pgf/utilities/pgfrcs.sty (/usr/share/texlive/texmf-dist/tex/generic/pgf/utilities/pgfutil-common.tex
\pgfutil@everybye=\toks19
\pgfutil@tempdima=\dimen172
\pgfutil@tempdimb=\dimen173
) (/usr/share/texlive/texmf-dist/tex/generic/pgf/utilities/pgfutil-latex.def
\pgfutil@abb=\box62
) (/usr/share/texlive/texmf-dist/tex/generic/pgf/utilities/pgfrcs.code.tex (/usr/share/texlive/texmf-dist/tex/generic/pgf/pgf.revision.tex)
Package: pgfrcs 2025-08-29 v3.1.11a (3.1.11a)
)) (/usr/share/texlive/texmf-dist/tex/latex/pgf/utilities/pgfkeys.sty (/usr/share/texlive/texmf-dist/tex/generic/pgf/utilities/pgfkeys.code.tex
\pgfkeys@pathtoks=\toks20
\pgfkeys@temptoks=\toks21
 (/usr/share/texlive/texmf-dist/tex/generic/pgf/utilities/pgfkeyslibraryfiltered.code.tex
\pgfkeys@tmptoks=\toks22
))) (/usr/share/texlive/texmf-dist/tex/generic/pgf/math/pgfmath.code.tex (/usr/share/texlive/texmf-dist/tex/generic/pgf/math/pgfmathutil.code.tex
\pgf@x=\dimen174
\pgf@xa=\dimen175
\pgf@xb=\dimen176
\pgf@xc=\dimen177
\pgf@y=\dimen178
\pgf@ya=\dimen179
\pgf@yb=\dimen180
\pgf@yc=\dimen181
\c@pgf@counta=\count304
\c@pgf@countb=\count305
\c@pgf@countc=\count306
\c@pgf@countd=\count307
) (/usr/share/texlive/texmf-dist/tex/generic/pgf/math/pgfmathparser.code.tex
\pgfmath@dimen=\dimen182
\pgfmath@count=\count308
\pgfmath@box=\box63
\pgfmath@toks=\toks23
\pgfmath@stack@operand=\toks24
\pgfmath@stack@operation=\toks25
) (/usr/share/texlive/texmf-dist/tex/generic/pgf/math/pgfmathfunctions.code.tex) (/usr/share/texlive/texmf-dist/tex/generic/pgf/math/pgfmathfunctions.basic.code.tex) (/usr/share/texlive/texmf-dist/tex/generic/pgf/math/pgfmathfunctions.trigonometric.code.tex) (/usr/share/texlive/texmf-dist/tex/generic/pgf/math/pgfmathfunctions.random.code.tex) (/usr/share/texlive/texmf-dist/tex/generic/pgf/math/pgfmathfunctions.comparison.code.tex) (/usr/share/texlive/texmf-dist/tex/generic/pgf/math/pgfmathfunctions.base.code.tex) (/usr/share/texlive/texmf-dist/tex/generic/pgf/math/pgfmathfunctions.round.code.tex) (/usr/share/texlive/texmf-dist/tex/generic/pgf/math/pgfmathfunctions.misc.code.tex) (/usr/share/texlive/texmf-dist/tex/generic/pgf/math/pgfmathfunctions.integerarithmetics.code.tex) (/usr/share/texlive/texmf-dist/tex/generic/pgf/math/pgfmathcalc.code.tex) (/usr/share/texlive/texmf-dist/tex/generic/pgf/math/pgfmathfloat.code.tex
\c@pgfmathroundto@lastzeros=\count309
))) (/usr/share/texlive/texmf-dist/tex/latex/base/size11.clo
File: size11.clo 2025/01/22 v1.4n Standard LaTeX file (size option)
) (/usr/share/texlive/texmf-dist/tex/latex/pgf/basiclayer/pgfcore.sty (/usr/share/texlive/texmf-dist/tex/latex/graphics/graphicx.sty
Package: graphicx 2024/12/31 v1.2e Enhanced LaTeX Graphics (DPC,SPQR)
 (/usr/share/texlive/texmf-dist/tex/latex/graphics/graphics.sty
Package: graphics 2024/08/06 v1.4g Standard LaTeX Graphics (DPC,SPQR)
 (/usr/share/texlive/texmf-dist/tex/latex/graphics/trig.sty
Package: trig 2023/12/02 v1.11 sin cos tan (DPC)
) (/usr/share/texlive/texmf-dist/tex/latex/graphics-cfg/graphics.cfg
File: graphics.cfg 2016/06/04 v1.11 sample graphics configuration
)
Package graphics Info: Driver file: pdftex.def on input line 106.
 (/usr/share/texlive/texmf-dist/tex/latex/graphics-def/pdftex.def
File: pdftex.def 2025/09/29 v1.2d Graphics/color driver for pdftex
))
\Gin@req@height=\dimen183
\Gin@req@width=\dimen184
) (/usr/share/texlive/texmf-dist/tex/latex/pgf/systemlayer/pgfsys.sty (/usr/share/texlive/texmf-dist/tex/generic/pgf/systemlayer/pgfsys.code.tex
Package: pgfsys 2025-08-29 v3.1.11a (3.1.11a)
\pgf@x=\dimen185
\pgf@y=\dimen186
\pgf@xa=\dimen187
\pgf@ya=\dimen188
\pgf@xb=\dimen189
\pgf@yb=\dimen190
\pgf@xc=\dimen191
\pgf@yc=\dimen192
\pgf@xd=\dimen193
\pgf@yd=\dimen194
\w@pgf@writea=\write3
\r@pgf@reada=\read2
\c@pgf@counta=\count310
\c@pgf@countb=\count311
\c@pgf@countc=\count312
\c@pgf@countd=\count313
\t@pgf@toka=\toks26
\t@pgf@tokb=\toks27
\t@pgf@tokc=\toks28
\pgf@sys@id@count=\count314
 (/usr/share/texlive/texmf-dist/tex/generic/pgf/systemlayer/pgf.cfg
File: pgf.cfg 2025-08-29 v3.1.11a (3.1.11a)
)
Driver file for pgf: pgfsys-pdftex.def
 (/usr/share/texlive/texmf-dist/tex/generic/pgf/systemlayer/pgfsys-pdftex.def
File: pgfsys-pdftex.def 2025-08-29 v3.1.11a (3.1.11a)
 (/usr/share/texlive/texmf-dist/tex/generic/pgf/systemlayer/pgfsys-common-pdf.def
File: pgfsys-common-pdf.def 2025-08-29 v3.1.11a (3.1.11a)
))) (/usr/share/texlive/texmf-dist/tex/generic/pgf/systemlayer/pgfsyssoftpath.code.tex
File: pgfsyssoftpath.code.tex 2025-08-29 v3.1.11a (3.1.11a)
\pgfsyssoftpath@smallbuffer@items=\count315
\pgfsyssoftpath@bigbuffer@items=\count316
) (/usr/share/texlive/texmf-dist/tex/generic/pgf/systemlayer/pgfsysprotocol.code.tex
File: pgfsysprotocol.code.tex 2025-08-29 v3.1.11a (3.1.11a)
)) (/usr/share/texlive/texmf-dist/tex/latex/xcolor/xcolor.sty
Package: xcolor 2024/09/29 v3.02 LaTeX color extensions (UK)
 (/usr/share/texlive/texmf-dist/tex/latex/graphics-cfg/color.cfg
File: color.cfg 2016/01/02 v1.6 sample color configuration
)
Package xcolor Info: Driver file: pdftex.def on input line 274.
 (/usr/share/texlive/texmf-dist/tex/latex/graphics/mathcolor.ltx)
Package xcolor Info: Model `cmy' substituted by `cmy0' on input line 1349.
Package xcolor Info: Model `hsb' substituted by `rgb' on input line 1353.
Package xcolor Info: Model `RGB' extended on input line 1365.
Package xcolor Info: Model `HTML' substituted by `rgb' on input line 1367.
Package xcolor Info: Model `Hsb' substituted by `hsb' on input line 1368.
Package xcolor Info: Model `tHsb' substituted by `hsb' on input line 1369.
Package xcolor Info: Model `HSB' substituted by `hsb' on input line 1370.
Package xcolor Info: Model `Gray' substituted by `gray' on input line 1371.
Package xcolor Info: Model `wave' substituted by `hsb' on input line 1372.
) (/usr/share/texlive/texmf-dist/tex/generic/pgf/basiclayer/pgfcore.code.tex
Package: pgfcore 2025-08-29 v3.1.11a (3.1.11a)
 (/usr/share/texlive/texmf-dist/tex/generic/pgf/math/pgfint.code.tex) (/usr/share/texlive/texmf-dist/tex/generic/pgf/basiclayer/pgfcorepoints.code.tex
File: pgfcorepoints.code.tex 2025-08-29 v3.1.11a (3.1.11a)
\pgf@picminx=\dimen195
\pgf@picmaxx=\dimen196
\pgf@picminy=\dimen197
\pgf@picmaxy=\dimen198
\pgf@pathminx=\dimen199
\pgf@pathmaxx=\dimen256
\pgf@pathminy=\dimen257
\pgf@pathmaxy=\dimen258
\pgf@xx=\dimen259
\pgf@xy=\dimen260
\pgf@yx=\dimen261
\pgf@yy=\dimen262
\pgf@zx=\dimen263
\pgf@zy=\dimen264
) (/usr/share/texlive/texmf-dist/tex/generic/pgf/basiclayer/pgfcorepathconstruct.code.tex
File: pgfcorepathconstruct.code.tex 2025-08-29 v3.1.11a (3.1.11a)
\pgf@path@lastx=\dimen265
\pgf@path@lasty=\dimen266
) (/usr/share/texlive/texmf-dist/tex/generic/pgf/basiclayer/pgfcorepathusage.code.tex
File: pgfcorepathusage.code.tex 2025-08-29 v3.1.11a (3.1.11a)
\pgf@shorten@end@additional=\dimen267
\pgf@shorten@start@additional=\dimen268
) (/usr/share/texlive/texmf-dist/tex/generic/pgf/basiclayer/pgfcorescopes.code.tex
File: pgfcorescopes.code.tex 2025-08-29 v3.1.11a (3.1.11a)
\pgfpic=\box64
\pgf@hbox=\box65
\pgf@layerbox@main=\box66
\pgf@picture@serial@count=\count317
) (/usr/share/texlive/texmf-dist/tex/generic/pgf/basiclayer/pgfcoregraphicstate.code.tex
File: pgfcoregraphicstate.code.tex 2025-08-29 v3.1.11a (3.1.11a)
\pgflinewidth=\dimen269
) (/usr/share/texlive/texmf-dist/tex/generic/pgf/basiclayer/pgfcoretransformations.code.tex
File: pgfcoretransformations.code.tex 2025-08-29 v3.1.11a (3.1.11a)
\pgf@pt@x=\dimen270
\pgf@pt@y=\dimen271
\pgf@pt@temp=\dimen272
) (/usr/share/texlive/texmf-dist/tex/generic/pgf/basiclayer/pgfcorequick.code.tex
File: pgfcorequick.code.tex 2025-08-29 v3.1.11a (3.1.11a)
) (/usr/share/texlive/texmf-dist/tex/generic/pgf/basiclayer/pgfcoreobjects.code.tex
File: pgfcoreobjects.code.tex 2025-08-29 v3.1.11a (3.1.11a)
) (/usr/share/texlive/texmf-dist/tex/generic/pgf/basiclayer/pgfcorepathprocessing.code.tex
File: pgfcorepathprocessing.code.tex 2025-08-29 v3.1.11a (3.1.11a)
) (/usr/share/texlive/texmf-dist/tex/generic/pgf/basiclayer/pgfcorearrows.code.tex
File: pgfcorearrows.code.tex 2025-08-29 v3.1.11a (3.1.11a)
\pgfarrowsep=\dimen273
) (/usr/share/texlive/texmf-dist/tex/generic/pgf/basiclayer/pgfcoreshade.code.tex
File: pgfcoreshade.code.tex 2025-08-29 v3.1.11a (3.1.11a)
\pgf@max=\dimen274
\pgf@sys@shading@range@num=\count318
\pgf@shadingcount=\count319
) (/usr/share/texlive/texmf-dist/tex/generic/pgf/basiclayer/pgfcoreimage.code.tex
File: pgfcoreimage.code.tex 2025-08-29 v3.1.11a (3.1.11a)
) (/usr/share/texlive/texmf-dist/tex/generic/pgf/basiclayer/pgfcoreexternal.code.tex
File: pgfcoreexternal.code.tex 2025-08-29 v3.1.11a (3.1.11a)
\pgfexternal@startupbox=\box67
) (/usr/share/texlive/texmf-dist/tex/generic/pgf/basiclayer/pgfcorelayers.code.tex
File: pgfcorelayers.code.tex 2025-08-29 v3.1.11a (3.1.11a)
) (/usr/share/texlive/texmf-dist/tex/generic/pgf/basiclayer/pgfcoretransparency.code.tex
File: pgfcoretransparency.code.tex 2025-08-29 v3.1.11a (3.1.11a)
) (/usr/share/texlive/texmf-dist/tex/generic/pgf/basiclayer/pgfcorepatterns.code.tex
File: pgfcorepatterns.code.tex 2025-08-29 v3.1.11a (3.1.11a)
) (/usr/share/texlive/texmf-dist/tex/generic/pgf/basiclayer/pgfcorerdf.code.tex
File: pgfcorerdf.code.tex 2025-08-29 v3.1.11a (3.1.11a)
))) (/usr/share/texlive/texmf-dist/tex/latex/pgf/utilities/xxcolor.sty
Package: xxcolor 2003/10/24 ver 0.1
\XC@nummixins=\count320
\XC@countmixins=\count321
) (/usr/share/texlive/texmf-dist/tex/latex/base/atbegshi-ltx.sty
Package: atbegshi-ltx 2021/01/10 v1.0c Emulation of the original atbegshi
package with kernel methods
) (/usr/share/texlive/texmf-dist/tex/latex/hyperref/hyperref.sty
Package: hyperref 2025-07-12 v7.01o Hypertext links for LaTeX
 (/usr/share/texlive/texmf-dist/tex/latex/kvsetkeys/kvsetkeys.sty
Package: kvsetkeys 2022-10-05 v1.19 Key value parser (HO)
) (/usr/share/texlive/texmf-dist/tex/generic/kvdefinekeys/kvdefinekeys.sty
Package: kvdefinekeys 2019-12-19 v1.6 Define keys (HO)
) (/usr/share/texlive/texmf-dist/tex/generic/pdfescape/pdfescape.sty
Package: pdfescape 2019/12/09 v1.15 Implements pdfTeX's escape features (HO)
 (/usr/share/texlive/texmf-dist/tex/generic/ltxcmds/ltxcmds.sty
Package: ltxcmds 2023-12-04 v1.26 LaTeX kernel commands for general use (HO)
) (/usr/share/texlive/texmf-dist/tex/generic/pdftexcmds/pdftexcmds.sty
Package: pdftexcmds 2020-06-27 v0.33 Utility functions of pdfTeX for LuaTeX (HO)
 (/usr/share/texlive/texmf-dist/tex/generic/infwarerr/infwarerr.sty
Package: infwarerr 2019/12/03 v1.5 Providing info/warning/error messages (HO)
)
Package pdftexcmds Info: \pdf@primitive is available.
Package pdftexcmds Info: \pdf@ifprimitive is available.
Package pdftexcmds Info: \pdfdraftmode found.
)) (/usr/share/texlive/texmf-dist/tex/latex/hycolor/hycolor.sty
Package: hycolor 2020-01-27 v1.10 Color options for hyperref/bookmark (HO)
) (/usr/share/texlive/texmf-dist/tex/latex/hyperref/nameref.sty
Package: nameref 2025-06-21 v2.57 Cross-referencing by name of section
 (/usr/share/texlive/texmf-dist/tex/latex/refcount/refcount.sty
Package: refcount 2019/12/15 v3.6 Data extraction from label references (HO)
) (/usr/share/texlive/texmf-dist/tex/generic/gettitlestring/gettitlestring.sty
Package: gettitlestring 2019/12/15 v1.6 Cleanup title references (HO)
 (/usr/share/texlive/texmf-dist/tex/latex/kvoptions/kvoptions.sty
Package: kvoptions 2022-06-15 v3.15 Key value format for package options (HO)
))
\c@section@level=\count322
) (/usr/share/texlive/texmf-dist/tex/generic/stringenc/stringenc.sty
Package: stringenc 2019/11/29 v1.12 Convert strings between diff. encodings (HO)
)
\@linkdim=\dimen275
\Hy@linkcounter=\count323
\Hy@pagecounter=\count324
 (/usr/share/texlive/texmf-dist/tex/latex/hyperref/pd1enc.def
File: pd1enc.def 2025-07-12 v7.01o Hyperref: PDFDocEncoding definition (HO)
Now handling font encoding PD1 ...
... no UTF-8 mapping file for font encoding PD1
) (/usr/share/texlive/texmf-dist/tex/generic/intcalc/intcalc.sty
Package: intcalc 2019/12/15 v1.3 Expandable calculations with integers (HO)
)
\Hy@SavedSpaceFactor=\count325
 (/usr/share/texlive/texmf-dist/tex/latex/hyperref/puenc.def
File: puenc.def 2025-07-12 v7.01o Hyperref: PDF Unicode definition (HO)
Now handling font encoding PU ...
... no UTF-8 mapping file for font encoding PU
)
Package hyperref Info: Option `bookmarks' set `true' on input line 4066.
Package hyperref Info: Option `bookmarksopen' set `true' on input line 4066.
Package hyperref Info: Option `implicit' set `false' on input line 4066.
Package hyperref Info: Hyper figures OFF on input line 4195.
Package hyperref Info: Link nesting OFF on input line 4200.
Package hyperref Info: Hyper index ON on input line 4203.
Package hyperref Info: Plain pages OFF on input line 4210.
Package hyperref Info: Backreferencing OFF on input line 4215.
Package hyperref Info: Implicit mode OFF; no redefinition of LaTeX internals.
Package hyperref Info: Bookmarks ON on input line 4462.
\c@Hy@tempcnt=\count326
 (/usr/share/texlive/texmf-dist/tex/latex/url/url.sty
\Urlmuskip=\muskip17
Package: url 2013/09/16  ver 3.4  Verb mode for urls, etc.
)
LaTeX Info: Redefining \url on input line 4801.
\XeTeXLinkMargin=\dimen276
 (/usr/share/texlive/texmf-dist/tex/generic/bitset/bitset.sty
Package: bitset 2019/12/09 v1.3 Handle bit-vector datatype (HO)
 (/usr/share/texlive/texmf-dist/tex/generic/bigintcalc/bigintcalc.sty
Package: bigintcalc 2019/12/15 v1.5 Expandable calculations on big integers (HO)
))
\Fld@menulength=\count327
\Field@Width=\dimen277
\Fld@charsize=\dimen278
Package hyperref Info: Hyper figures OFF on input line 6078.
Package hyperref Info: Link nesting OFF on input line 6083.
Package hyperref Info: Hyper index ON on input line 6086.
Package hyperref Info: backreferencing OFF on input line 6093.
Package hyperref Info: Link coloring OFF on input line 6098.
Package hyperref Info: Link coloring with OCG OFF on input line 6103.
Package hyperref Info: PDF/A mode OFF on input line 6108.
\Hy@abspage=\count328


Package hyperref Message: Stopped early.

)
Package hyperref Info: Driver (autodetected): hpdftex.
 (/usr/share/texlive/texmf-dist/tex/latex/hyperref/hpdftex.def
File: hpdftex.def 2025-07-12 v7.01o Hyperref driver for pdfTeX
\Fld@listcount=\count329
\c@bookmark@seq@number=\count330
 (/usr/share/texlive/texmf-dist/tex/latex/rerunfilecheck/rerunfilecheck.sty
Package: rerunfilecheck 2025-06-21 v1.11 Rerun checks for auxiliary files (HO)
 (/usr/share/texlive/texmf-dist/tex/generic/uniquecounter/uniquecounter.sty
Package: uniquecounter 2019/12/15 v1.4 Provide unlimited unique counter (HO)
)
Package uniquecounter Info: New unique counter `rerunfilecheck' on input line 284.
)) (/usr/share/texlive/texmf-dist/tex/latex/beamer/beamerbaserequires.sty (/usr/share/texlive/texmf-dist/tex/latex/beamer/beamerbasecompatibility.sty) (/usr/share/texlive/texmf-dist/tex/latex/beamer/beamerbasefont.sty (/usr/share/texlive/texmf-dist/tex/latex/amsfonts/amssymb.sty
Package: amssymb 2013/01/14 v3.01 AMS font symbols
 (/usr/share/texlive/texmf-dist/tex/latex/amsfonts/amsfonts.sty
Package: amsfonts 2013/01/14 v3.01 Basic AMSFonts support
\@emptytoks=\toks29
\symAMSa=\mathgroup4
\symAMSb=\mathgroup5
LaTeX Font Info:    Redeclaring math symbol \hbar on input line 98.
LaTeX Font Info:    Overwriting math alphabet `\mathfrak' in version `bold'
(Font)                  U/euf/m/n --> U/euf/b/n on input line 106.
)) (/usr/share/texlive/texmf-dist/tex/latex/sansmathaccent/sansmathaccent.sty
Package: sansmathaccent 2020/01/31
 (/usr/share/texlive/texmf-dist/tex/latex/koma-script/scrlfile.sty
Package: scrlfile 2025/12/01 v3.49 KOMA-Script package (file load hooks)
 (/usr/share/texlive/texmf-dist/tex/latex/koma-script/scrlfile-hook.sty
Package: scrlfile-hook 2025/12/01 v3.49 KOMA-Script package (using LaTeX hooks)
 (/usr/share/texlive/texmf-dist/tex/latex/koma-script/scrlogo.sty
Package: scrlogo 2025/12/01 v3.49 KOMA-Script package (logo)
))))) (/usr/share/texlive/texmf-dist/tex/latex/beamer/beamerbasetranslator.sty (/usr/share/texlive/texmf-dist/tex/latex/translator/translator.sty
Package: translator 2021-05-31 v1.12d Easy translation of strings in LaTeX
)) (/usr/share/texlive/texmf-dist/tex/latex/beamer/beamerbasemisc.sty) (/usr/share/texlive/texmf-dist/tex/latex/beamer/beamerbasetwoscreens.sty) (/usr/share/texlive/texmf-dist/tex/latex/beamer/beamerbaseoverlay.sty
\beamer@argscount=\count331
\beamer@lastskipcover=\skip52
\beamer@trivlistdepth=\count332
) (/usr/share/texlive/texmf-dist/tex/latex/beamer/beamerbasetitle.sty) (/usr/share/texlive/texmf-dist/tex/latex/beamer/beamerbasesection.sty
\c@lecture=\count333
\c@part=\count334
\c@section=\count335
\c@subsection=\count336
\c@subsubsection=\count337
) (/usr/share/texlive/texmf-dist/tex/latex/beamer/beamerbaseframe.sty
\beamer@framebox=\box68
\beamer@frametitlebox=\box69
\beamer@zoombox=\box70
\beamer@zoomcount=\count338
\beamer@zoomframecount=\count339
\beamer@frametextheight=\dimen279
\c@subsectionslide=\count340
\beamer@frametopskip=\skip53
\beamer@framebottomskip=\skip54
\beamer@frametopskipautobreak=\skip55
\beamer@framebottomskipautobreak=\skip56
\beamer@envbody=\toks30
\framewidth=\dimen280
\c@framenumber=\count341
) (/usr/share/texlive/texmf-dist/tex/latex/beamer/beamerbaseverbatim.sty
\beamer@verbatimfileout=\write4
) (/usr/share/texlive/texmf-dist/tex/latex/beamer/beamerbaseframesize.sty
\beamer@splitbox=\box71
\beamer@autobreakcount=\count342
\beamer@autobreaklastheight=\dimen281
\beamer@frametitletoks=\toks31
\beamer@framesubtitletoks=\toks32
) (/usr/share/texlive/texmf-dist/tex/latex/beamer/beamerbaseframecomponents.sty
\beamer@colheight=\skip57
\beamer@footins=\box72
) (/usr/share/texlive/texmf-dist/tex/latex/beamer/beamerbasecolor.sty) (/usr/share/texlive/texmf-dist/tex/latex/beamer/beamerbasenotes.sty
\beamer@frameboxcopy=\box73
) (/usr/share/texlive/texmf-dist/tex/latex/beamer/beamerbasetoc.sty) (/usr/share/texlive/texmf-dist/tex/latex/beamer/beamerbasetemplates.sty
\beamer@sbttoks=\toks33
 (/usr/share/texlive/texmf-dist/tex/latex/beamer/beamerbaseauxtemplates.sty (/usr/share/texlive/texmf-dist/tex/latex/beamer/beamerbaseboxes.sty
\bmb@box=\box74
\bmb@colorbox=\box75
\bmb@boxwidth=\dimen282
\bmb@boxheight=\dimen283
\bmb@prevheight=\dimen284
\bmb@temp=\dimen285
\bmb@dima=\dimen286
\bmb@dimb=\dimen287
\bmb@prevheight=\dimen288
)
\beamer@blockheadheight=\dimen289
)) (/usr/share/texlive/texmf-dist/tex/latex/beamer/beamerbaselocalstructure.sty (/usr/share/texlive/texmf-dist/tex/latex/tools/enumerate.sty
Package: enumerate 2023/07/04 v3.00 enumerate extensions (DPC)
\@enLab=\toks34
)
\beamer@bibiconwidth=\skip58
\c@figure=\count343
\c@table=\count344
\abovecaptionskip=\skip59
\belowcaptionskip=\skip60
) (/usr/share/texlive/texmf-dist/tex/latex/beamer/beamerbasenavigation.sty (/usr/share/texlive/texmf-dist/tex/latex/beamer/beamerbasenavigationsymbols.tex)
\beamer@section@min@dim=\dimen290
) (/usr/share/texlive/texmf-dist/tex/latex/beamer/beamerbasetheorems.sty (/usr/share/texlive/texmf-dist/tex/latex/amsmath/amsmath.sty
Package: amsmath 2025/07/09 v2.17z AMS math features
\@mathmargin=\skip61

For additional information on amsmath, use the `?' option.
(/usr/share/texlive/texmf-dist/tex/latex/amsmath/amstext.sty
Package: amstext 2024/11/17 v2.01 AMS text
 (/usr/share/texlive/texmf-dist/tex/latex/amsmath/amsgen.sty
File: amsgen.sty 1999/11/30 v2.0 generic functions
\@emptytoks=\toks35
\ex@=\dimen291
)) (/usr/share/texlive/texmf-dist/tex/latex/amsmath/amsbsy.sty
Package: amsbsy 1999/11/29 v1.2d Bold Symbols
\pmbraise@=\dimen292
) (/usr/share/texlive/texmf-dist/tex/latex/amsmath/amsopn.sty
Package: amsopn 2022/04/08 v2.04 operator names
)
\inf@bad=\count345
LaTeX Info: Redefining \frac on input line 233.
\uproot@=\count346
\leftroot@=\count347
LaTeX Info: Redefining \overline on input line 398.
LaTeX Info: Redefining \colon on input line 409.
\classnum@=\count348
\DOTSCASE@=\count349
LaTeX Info: Redefining \ldots on input line 495.
LaTeX Info: Redefining \dots on input line 498.
LaTeX Info: Redefining \cdots on input line 619.
\Mathstrutbox@=\box76
\strutbox@=\box77
LaTeX Info: Redefining \big on input line 721.
LaTeX Info: Redefining \Big on input line 722.
LaTeX Info: Redefining \bigg on input line 723.
LaTeX Info: Redefining \Bigg on input line 724.
\big@size=\dimen293
LaTeX Font Info:    Redeclaring font encoding OML on input line 742.
LaTeX Font Info:    Redeclaring font encoding OMS on input line 743.
\macc@depth=\count350
LaTeX Info: Redefining \bmod on input line 904.
LaTeX Info: Redefining \pmod on input line 909.
LaTeX Info: Redefining \smash on input line 939.
LaTeX Info: Redefining \relbar on input line 969.
LaTeX Info: Redefining \Relbar on input line 970.
\c@MaxMatrixCols=\count351
\dotsspace@=\muskip18
\c@parentequation=\count352
\dspbrk@lvl=\count353
\tag@help=\toks36
\row@=\count354
\column@=\count355
\maxfields@=\count356
\andhelp@=\toks37
\eqnshift@=\dimen294
\alignsep@=\dimen295
\tagshift@=\dimen296
\tagwidth@=\dimen297
\totwidth@=\dimen298
\lineht@=\dimen299
\@envbody=\toks38
\multlinegap=\skip62
\multlinetaggap=\skip63
\mathdisplay@stack=\toks39
LaTeX Info: Redefining \[ on input line 2950.
LaTeX Info: Redefining \] on input line 2951.
) (/usr/share/texlive/texmf-dist/tex/latex/amscls/amsthm.sty
Package: amsthm 2020/05/29 v2.20.6
\thm@style=\toks40
\thm@bodyfont=\toks41
\thm@headfont=\toks42
\thm@notefont=\toks43
\thm@headpunct=\toks44
\thm@preskip=\skip64
\thm@postskip=\skip65
\thm@headsep=\skip66
\dth@everypar=\toks45
)
\c@theorem=\count357
) (/usr/share/texlive/texmf-dist/tex/latex/beamer/beamerbasethemes.sty)) (/usr/share/texlive/texmf-dist/tex/latex/beamer/beamerthemedefault.sty (/usr/share/texlive/texmf-dist/tex/latex/beamer/beamerfontthemedefault.sty) (/usr/share/texlive/texmf-dist/tex/latex/beamer/beamercolorthemedefault.sty) (/usr/share/texlive/texmf-dist/tex/latex/beamer/beamerinnerthemedefault.sty
\beamer@dima=\dimen300
\beamer@dimb=\dimen301
) (/usr/share/texlive/texmf-dist/tex/latex/beamer/beamerouterthemedefault.sty))) (/usr/share/texlive/texmf-dist/tex/latex/import/import.sty
Package: import 2020/04/01  v 6.2
) (./Preamble_Poster.tex (/usr/share/texlive/texmf-dist/tex/latex/base/inputenc.sty
Package: inputenc 2024/02/08 v1.3d Input encoding file
\inpenc@prehook=\toks46
\inpenc@posthook=\toks47
) (/usr/share/texlive/texmf-dist/tex/latex/base/fontenc.sty
Package: fontenc 2025/07/18 v2.1d Standard LaTeX package
 (/usr/share/texlive/texmf-dist/tex/latex/greek-fontenc/lgrenc.def
File: lgrenc.def 2023-09-12 2.5 LGR Greek font encoding definitions
Now handling font encoding LGR ...
... processing UTF-8 mapping file for font encoding LGR
 (/usr/share/texlive/texmf-dist/tex/latex/greek-inputenc/lgrenc.dfu
File: lgrenc.dfu 2023-03-21 1.9 UTF-8 support for Greek
   defining Unicode char U+00A8 (decimal 168)
   defining Unicode char U+00AB (decimal 171)
   defining Unicode char U+00AF (decimal 175)
   defining Unicode char U+00B4 (decimal 180)
   defining Unicode char U+00B7 (decimal 183)
   defining Unicode char U+00BB (decimal 187)
   defining Unicode char U+0259 (decimal 601)
   defining Unicode char U+02D8 (decimal 728)
   defining Unicode char U+0374 (decimal 884)
   defining Unicode char U+0375 (decimal 885)
   defining Unicode char U+037A (decimal 890)
   defining Unicode char U+037E (decimal 894)
   defining Unicode char U+0384 (decimal 900)
   defining Unicode char U+0385 (decimal 901)
   defining Unicode char U+0386 (decimal 902)
   defining Unicode char U+0387 (decimal 903)
   defining Unicode char U+0388 (decimal 904)
   defining Unicode char U+0389 (decimal 905)
   defining Unicode char U+038A (decimal 906)
   defining Unicode char U+038C (decimal 908)
   defining Unicode char U+038E (decimal 910)
   defining Unicode char U+038F (decimal 911)
   defining Unicode char U+0390 (decimal 912)
   defining Unicode char U+0391 (decimal 913)
   defining Unicode char U+0392 (decimal 914)
   defining Unicode char U+0393 (decimal 915)
   defining Unicode char U+0394 (decimal 916)
   defining Unicode char U+0395 (decimal 917)
   defining Unicode char U+0396 (decimal 918)
   defining Unicode char U+0397 (decimal 919)
   defining Unicode char U+0398 (decimal 920)
   defining Unicode char U+0399 (decimal 921)
   defining Unicode char U+039A (decimal 922)
   defining Unicode char U+039B (decimal 923)
   defining Unicode char U+039C (decimal 924)
   defining Unicode char U+039D (decimal 925)
   defining Unicode char U+039E (decimal 926)
   defining Unicode char U+039F (decimal 927)
   defining Unicode char U+03A0 (decimal 928)
   defining Unicode char U+03A1 (decimal 929)
   defining Unicode char U+03A3 (decimal 931)
   defining Unicode char U+03A4 (decimal 932)
   defining Unicode char U+03A5 (decimal 933)
   defining Unicode char U+03A6 (decimal 934)
   defining Unicode char U+03A7 (decimal 935)
   defining Unicode char U+03A8 (decimal 936)
   defining Unicode char U+03A9 (decimal 937)
   defining Unicode char U+03AA (decimal 938)
   defining Unicode char U+03AB (decimal 939)
   defining Unicode char U+03AC (decimal 940)
   defining Unicode char U+03AD (decimal 941)
   defining Unicode char U+03AE (decimal 942)
   defining Unicode char U+03AF (decimal 943)
   defining Unicode char U+03B0 (decimal 944)
   defining Unicode char U+03B1 (decimal 945)
   defining Unicode char U+03B2 (decimal 946)
   defining Unicode char U+03B3 (decimal 947)
   defining Unicode char U+03B4 (decimal 948)
   defining Unicode char U+03B5 (decimal 949)
   defining Unicode char U+03B6 (decimal 950)
   defining Unicode char U+03B7 (decimal 951)
   defining Unicode char U+03B8 (decimal 952)
   defining Unicode char U+03B9 (decimal 953)
   defining Unicode char U+03BA (decimal 954)
   defining Unicode char U+03BB (decimal 955)
   defining Unicode char U+03BC (decimal 956)
   defining Unicode char U+03BD (decimal 957)
   defining Unicode char U+03BE (decimal 958)
   defining Unicode char U+03BF (decimal 959)
   defining Unicode char U+03C0 (decimal 960)
   defining Unicode char U+03C1 (decimal 961)
   defining Unicode char U+03C2 (decimal 962)
   defining Unicode char U+03C3 (decimal 963)
   defining Unicode char U+03C4 (decimal 964)
   defining Unicode char U+03C5 (decimal 965)
   defining Unicode char U+03C6 (decimal 966)
   defining Unicode char U+03C7 (decimal 967)
   defining Unicode char U+03C8 (decimal 968)
   defining Unicode char U+03C9 (decimal 969)
   defining Unicode char U+03CA (decimal 970)
   defining Unicode char U+03CB (decimal 971)
   defining Unicode char U+03CC (decimal 972)
   defining Unicode char U+03CD (decimal 973)
   defining Unicode char U+03CE (decimal 974)
   defining Unicode char U+03D0 (decimal 976)
   defining Unicode char U+03D1 (decimal 977)
   defining Unicode char U+03D5 (decimal 981)
   defining Unicode char U+03D6 (decimal 982)
   defining Unicode char U+03D8 (decimal 984)
   defining Unicode char U+03D9 (decimal 985)
   defining Unicode char U+03DA (decimal 986)
   defining Unicode char U+03DB (decimal 987)
   defining Unicode char U+03DC (decimal 988)
   defining Unicode char U+03DD (decimal 989)
   defining Unicode char U+03DE (decimal 990)
   defining Unicode char U+03DF (decimal 991)
   defining Unicode char U+03E0 (decimal 992)
   defining Unicode char U+03E1 (decimal 993)
   defining Unicode char U+03F0 (decimal 1008)
   defining Unicode char U+03F1 (decimal 1009)
   defining Unicode char U+03F4 (decimal 1012)
   defining Unicode char U+03F5 (decimal 1013)
   defining Unicode char U+1F00 (decimal 7936)
   defining Unicode char U+1F01 (decimal 7937)
   defining Unicode char U+1F02 (decimal 7938)
   defining Unicode char U+1F03 (decimal 7939)
   defining Unicode char U+1F04 (decimal 7940)
   defining Unicode char U+1F05 (decimal 7941)
   defining Unicode char U+1F06 (decimal 7942)
   defining Unicode char U+1F07 (decimal 7943)
   defining Unicode char U+1F08 (decimal 7944)
   defining Unicode char U+1F09 (decimal 7945)
   defining Unicode char U+1F0A (decimal 7946)
   defining Unicode char U+1F0B (decimal 7947)
   defining Unicode char U+1F0C (decimal 7948)
   defining Unicode char U+1F0D (decimal 7949)
   defining Unicode char U+1F0E (decimal 7950)
   defining Unicode char U+1F0F (decimal 7951)
   defining Unicode char U+1F10 (decimal 7952)
   defining Unicode char U+1F11 (decimal 7953)
   defining Unicode char U+1F12 (decimal 7954)
   defining Unicode char U+1F13 (decimal 7955)
   defining Unicode char U+1F14 (decimal 7956)
   defining Unicode char U+1F15 (decimal 7957)
   defining Unicode char U+1F18 (decimal 7960)
   defining Unicode char U+1F19 (decimal 7961)
   defining Unicode char U+1F1A (decimal 7962)
   defining Unicode char U+1F1B (decimal 7963)
   defining Unicode char U+1F1C (decimal 7964)
   defining Unicode char U+1F1D (decimal 7965)
   defining Unicode char U+1F20 (decimal 7968)
   defining Unicode char U+1F21 (decimal 7969)
   defining Unicode char U+1F22 (decimal 7970)
   defining Unicode char U+1F23 (decimal 7971)
   defining Unicode char U+1F24 (decimal 7972)
   defining Unicode char U+1F25 (decimal 7973)
   defining Unicode char U+1F26 (decimal 7974)
   defining Unicode char U+1F27 (decimal 7975)
   defining Unicode char U+1F28 (decimal 7976)
   defining Unicode char U+1F29 (decimal 7977)
   defining Unicode char U+1F2A (decimal 7978)
   defining Unicode char U+1F2B (decimal 7979)
   defining Unicode char U+1F2C (decimal 7980)
   defining Unicode char U+1F2D (decimal 7981)
   defining Unicode char U+1F2E (decimal 7982)
   defining Unicode char U+1F2F (decimal 7983)
   defining Unicode char U+1F30 (decimal 7984)
   defining Unicode char U+1F31 (decimal 7985)
   defining Unicode char U+1F32 (decimal 7986)
   defining Unicode char U+1F33 (decimal 7987)
   defining Unicode char U+1F34 (decimal 7988)
   defining Unicode char U+1F35 (decimal 7989)
   defining Unicode char U+1F36 (decimal 7990)
   defining Unicode char U+1F37 (decimal 7991)
   defining Unicode char U+1F38 (decimal 7992)
   defining Unicode char U+1F39 (decimal 7993)
   defining Unicode char U+1F3A (decimal 7994)
   defining Unicode char U+1F3B (decimal 7995)
   defining Unicode char U+1F3C (decimal 7996)
   defining Unicode char U+1F3D (decimal 7997)
   defining Unicode char U+1F3E (decimal 7998)
   defining Unicode char U+1F3F (decimal 7999)
   defining Unicode char U+1F40 (decimal 8000)
   defining Unicode char U+1F41 (decimal 8001)
   defining Unicode char U+1F42 (decimal 8002)
   defining Unicode char U+1F43 (decimal 8003)
   defining Unicode char U+1F44 (decimal 8004)
   defining Unicode char U+1F45 (decimal 8005)
   defining Unicode char U+1F48 (decimal 8008)
   defining Unicode char U+1F49 (decimal 8009)
   defining Unicode char U+1F4A (decimal 8010)
   defining Unicode char U+1F4B (decimal 8011)
   defining Unicode char U+1F4C (decimal 8012)
   defining Unicode char U+1F4D (decimal 8013)
   defining Unicode char U+1F50 (decimal 8016)
   defining Unicode char U+1F51 (decimal 8017)
   defining Unicode char U+1F52 (decimal 8018)
   defining Unicode char U+1F53 (decimal 8019)
   defining Unicode char U+1F54 (decimal 8020)
   defining Unicode char U+1F55 (decimal 8021)
   defining Unicode char U+1F56 (decimal 8022)
   defining Unicode char U+1F57 (decimal 8023)
   defining Unicode char U+1F59 (decimal 8025)
   defining Unicode char U+1F5B (decimal 8027)
   defining Unicode char U+1F5D (decimal 8029)
   defining Unicode char U+1F5F (decimal 8031)
   defining Unicode char U+1F60 (decimal 8032)
   defining Unicode char U+1F61 (decimal 8033)
   defining Unicode char U+1F62 (decimal 8034)
   defining Unicode char U+1F63 (decimal 8035)
   defining Unicode char U+1F64 (decimal 8036)
   defining Unicode char U+1F65 (decimal 8037)
   defining Unicode char U+1F66 (decimal 8038)
   defining Unicode char U+1F67 (decimal 8039)
   defining Unicode char U+1F68 (decimal 8040)
   defining Unicode char U+1F69 (decimal 8041)
   defining Unicode char U+1F6A (decimal 8042)
   defining Unicode char U+1F6B (decimal 8043)
   defining Unicode char U+1F6C (decimal 8044)
   defining Unicode char U+1F6D (decimal 8045)
   defining Unicode char U+1F6E (decimal 8046)
   defining Unicode char U+1F6F (decimal 8047)
   defining Unicode char U+1F70 (decimal 8048)
   defining Unicode char U+1F71 (decimal 8049)
   defining Unicode char U+1F72 (decimal 8050)
   defining Unicode char U+1F73 (decimal 8051)
   defining Unicode char U+1F74 (decimal 8052)
   defining Unicode char U+1F75 (decimal 8053)
   defining Unicode char U+1F76 (decimal 8054)
   defining Unicode char U+1F77 (decimal 8055)
   defining Unicode char U+1F78 (decimal 8056)
   defining Unicode char U+1F79 (decimal 8057)
   defining Unicode char U+1F7A (decimal 8058)
   defining Unicode char U+1F7B (decimal 8059)
   defining Unicode char U+1F7C (decimal 8060)
   defining Unicode char U+1F7D (decimal 8061)
   defining Unicode char U+1F80 (decimal 8064)
   defining Unicode char U+1F81 (decimal 8065)
   defining Unicode char U+1F82 (decimal 8066)
   defining Unicode char U+1F83 (decimal 8067)
   defining Unicode char U+1F84 (decimal 8068)
   defining Unicode char U+1F85 (decimal 8069)
   defining Unicode char U+1F86 (decimal 8070)
   defining Unicode char U+1F87 (decimal 8071)
   defining Unicode char U+1F88 (decimal 8072)
   defining Unicode char U+1F89 (decimal 8073)
   defining Unicode char U+1F8A (decimal 8074)
   defining Unicode char U+1F8B (decimal 8075)
   defining Unicode char U+1F8C (decimal 8076)
   defining Unicode char U+1F8D (decimal 8077)
   defining Unicode char U+1F8E (decimal 8078)
   defining Unicode char U+1F8F (decimal 8079)
   defining Unicode char U+1F90 (decimal 8080)
   defining Unicode char U+1F91 (decimal 8081)
   defining Unicode char U+1F92 (decimal 8082)
   defining Unicode char U+1F93 (decimal 8083)
   defining Unicode char U+1F94 (decimal 8084)
   defining Unicode char U+1F95 (decimal 8085)
   defining Unicode char U+1F96 (decimal 8086)
   defining Unicode char U+1F97 (decimal 8087)
   defining Unicode char U+1F98 (decimal 8088)
   defining Unicode char U+1F99 (decimal 8089)
   defining Unicode char U+1F9A (decimal 8090)
   defining Unicode char U+1F9B (decimal 8091)
   defining Unicode char U+1F9C (decimal 8092)
   defining Unicode char U+1F9D (decimal 8093)
   defining Unicode char U+1F9E (decimal 8094)
   defining Unicode char U+1F9F (decimal 8095)
   defining Unicode char U+1FA0 (decimal 8096)
   defining Unicode char U+1FA1 (decimal 8097)
   defining Unicode char U+1FA2 (decimal 8098)
   defining Unicode char U+1FA3 (decimal 8099)
   defining Unicode char U+1FA4 (decimal 8100)
   defining Unicode char U+1FA5 (decimal 8101)
   defining Unicode char U+1FA6 (decimal 8102)
   defining Unicode char U+1FA7 (decimal 8103)
   defining Unicode char U+1FA8 (decimal 8104)
   defining Unicode char U+1FA9 (decimal 8105)
   defining Unicode char U+1FAA (decimal 8106)
   defining Unicode char U+1FAB (decimal 8107)
   defining Unicode char U+1FAC (decimal 8108)
   defining Unicode char U+1FAD (decimal 8109)
   defining Unicode char U+1FAE (decimal 8110)
   defining Unicode char U+1FAF (decimal 8111)
   defining Unicode char U+1FB0 (decimal 8112)
   defining Unicode char U+1FB1 (decimal 8113)
   defining Unicode char U+1FB2 (decimal 8114)
   defining Unicode char U+1FB3 (decimal 8115)
   defining Unicode char U+1FB4 (decimal 8116)
   defining Unicode char U+1FB6 (decimal 8118)
   defining Unicode char U+1FB7 (decimal 8119)
   defining Unicode char U+1FB8 (decimal 8120)
   defining Unicode char U+1FB9 (decimal 8121)
   defining Unicode char U+1FBA (decimal 8122)
   defining Unicode char U+1FBB (decimal 8123)
   defining Unicode char U+1FBC (decimal 8124)
   defining Unicode char U+1FBD (decimal 8125)
   defining Unicode char U+1FBE (decimal 8126)
   defining Unicode char U+1FBF (decimal 8127)
   defining Unicode char U+1FC0 (decimal 8128)
   defining Unicode char U+1FC1 (decimal 8129)
   defining Unicode char U+1FC2 (decimal 8130)
   defining Unicode char U+1FC3 (decimal 8131)
   defining Unicode char U+1FC4 (decimal 8132)
   defining Unicode char U+1FC6 (decimal 8134)
   defining Unicode char U+1FC7 (decimal 8135)
   defining Unicode char U+1FC8 (decimal 8136)
   defining Unicode char U+1FC9 (decimal 8137)
   defining Unicode char U+1FCA (decimal 8138)
   defining Unicode char U+1FCB (decimal 8139)
   defining Unicode char U+1FCC (decimal 8140)
   defining Unicode char U+1FCD (decimal 8141)
   defining Unicode char U+1FCE (decimal 8142)
   defining Unicode char U+1FCF (decimal 8143)
   defining Unicode char U+1FD0 (decimal 8144)
   defining Unicode char U+1FD1 (decimal 8145)
   defining Unicode char U+1FD2 (decimal 8146)
   defining Unicode char U+1FD3 (decimal 8147)
   defining Unicode char U+1FD6 (decimal 8150)
   defining Unicode char U+1FD7 (decimal 8151)
   defining Unicode char U+1FD8 (decimal 8152)
   defining Unicode char U+1FD9 (decimal 8153)
   defining Unicode char U+1FDA (decimal 8154)
   defining Unicode char U+1FDB (decimal 8155)
   defining Unicode char U+1FDD (decimal 8157)
   defining Unicode char U+1FDE (decimal 8158)
   defining Unicode char U+1FDF (decimal 8159)
   defining Unicode char U+1FE0 (decimal 8160)
   defining Unicode char U+1FE1 (decimal 8161)
   defining Unicode char U+1FE2 (decimal 8162)
   defining Unicode char U+1FE3 (decimal 8163)
   defining Unicode char U+1FE4 (decimal 8164)
   defining Unicode char U+1FE5 (decimal 8165)
   defining Unicode char U+1FE6 (decimal 8166)
   defining Unicode char U+1FE7 (decimal 8167)
   defining Unicode char U+1FE8 (decimal 8168)
   defining Unicode char U+1FE9 (decimal 8169)
   defining Unicode char U+1FEA (decimal 8170)
   defining Unicode char U+1FEB (decimal 8171)
   defining Unicode char U+1FEC (decimal 8172)
   defining Unicode char U+1FED (decimal 8173)
   defining Unicode char U+1FEE (decimal 8174)
   defining Unicode char U+1FEF (decimal 8175)
   defining Unicode char U+1FF2 (decimal 8178)
   defining Unicode char U+1FF3 (decimal 8179)
   defining Unicode char U+1FF4 (decimal 8180)
   defining Unicode char U+1FF6 (decimal 8182)
   defining Unicode char U+1FF7 (decimal 8183)
   defining Unicode char U+1FF8 (decimal 8184)
   defining Unicode char U+1FF9 (decimal 8185)
   defining Unicode char U+1FFA (decimal 8186)
   defining Unicode char U+1FFB (decimal 8187)
   defining Unicode char U+1FFC (decimal 8188)
   defining Unicode char U+1FFD (decimal 8189)
   defining Unicode char U+1FFE (decimal 8190)
   defining Unicode char U+2013 (decimal 8211)
   defining Unicode char U+2014 (decimal 8212)
   defining Unicode char U+2018 (decimal 8216)
   defining Unicode char U+2019 (decimal 8217)
   defining Unicode char U+201A (decimal 8218)
   defining Unicode char U+2030 (decimal 8240)
   defining Unicode char U+2039 (decimal 8249)
   defining Unicode char U+203A (decimal 8250)
   defining Unicode char U+20AC (decimal 8364)
   defining Unicode char U+2126 (decimal 8486)
   defining Unicode char U+10144 (decimal 65860)
   defining Unicode char U+10145 (decimal 65861)
   defining Unicode char U+10146 (decimal 65862)
   defining Unicode char U+10147 (decimal 65863)
) (/usr/share/texlive/texmf-dist/tex/latex/greek-fontenc/greek-fontenc.def
File: greek-fontenc.def 2023-09-12 2.5 Common Greek font encoding definitions
LaTeX Encoding Info:    Ignoring declaration for text command \accACUTE (encoding LGR) on input line 251.
LaTeX Encoding Info:    Ignoring declaration for text command \accGRAVE (encoding LGR) on input line 259.
LaTeX Encoding Info:    Ignoring declaration for text command \accTILDE (encoding LGR) on input line 267.
))) (/usr/share/texlive/texmf-dist/tex/generic/babel/babel.sty
Package: babel 2026/01/18 v26.1 The multilingual framework for LuaLaTeX, pdfLaTeX and XeLaTeX
\babel@savecnt=\count358
LaTeX Encoding Info:    Redeclaring text command \ij (encoding OT1) on input line 2078.
LaTeX Encoding Info:    Redeclaring text command \IJ (encoding OT1) on input line 2080.
LaTeX Encoding Info:    Redeclaring text command \ij (encoding T1) on input line 2082.
LaTeX Encoding Info:    Redeclaring text command \IJ (encoding T1) on input line 2083.
LaTeX Encoding Info:    Ignoring declaration for text command \ij (encoding ?) on input line 2084.
LaTeX Encoding Info:    Ignoring declaration for text command \IJ (encoding ?) on input line 2086.
LaTeX Encoding Info:    Ignoring declaration for text command \SS (encoding ?) on input line 2111.
\U@D=\dimen302
\l@unhyphenated=\language90
 (/usr/share/texlive/texmf-dist/tex/generic/babel/txtbabel.def)
\bbl@readstream=\read3
LaTeX Info: Redefining \textlatin on input line 3974.
\bbl@dirlevel=\count359
 (/usr/share/texlive/texmf-dist/tex/generic/babel/locale/invalid/babel-ngerman.tex) (/usr/share/texlive/texmf-dist/tex/generic/babel/locale/en/babel-american.tex) (/usr/share/texlive/texmf-dist/tex/generic/babel/locale/en/babel-usenglish.tex)
Package babel Info: Importing font and identification data for ngerman
(babel)             from babel-de.ini. Reported on input line 4330.
 (/usr/share/texlive/texmf-dist/tex/generic/babel-german/ngerman.ldf
Language: ngerman 2024/12/10 v2.15 German support for babel (post-1996 orthography)
 (/usr/share/texlive/texmf-dist/tex/generic/babel-german/ngermanb.ldf
Language: ngermanb 2024/12/10 v2.15 German support for babel (post-1996 orthography)
Package babel Info: Making " an active character on input line 122.
))
Package babel Info: Importing font and identification data for american
(babel)             from babel-en-US.ini. Reported on input line 4330.
 (/usr/share/texlive/texmf-dist/tex/generic/babel-english/american.ldf
Language: american 2017/06/06 v3.3r English support from the babel system
 (/usr/share/texlive/texmf-dist/tex/generic/babel-english/english.ldf
Language: english 2017/06/06 v3.3r English support from the babel system
Package babel Info: Hyphen rules for 'canadian' set to \l@english
(babel)             (\language0). Reported on input line 102.
Package babel Info: Hyphen rules for 'australian' set to \l@ukenglish
(babel)             (\language7). Reported on input line 105.
Package babel Info: Hyphen rules for 'newzealand' set to \l@ukenglish
(babel)             (\language7). Reported on input line 108.
))
Package babel Info: Importing font and identification data for USenglish
(babel)             from babel-en-US.ini. Reported on input line 4330.
 (/usr/share/texlive/texmf-dist/tex/generic/babel-english/USenglish.ldf
Language: USenglish 2017/06/06 v3.3r English support from the babel system
 (/usr/share/texlive/texmf-dist/tex/generic/babel-english/english.ldf
Language: english 2017/06/06 v3.3r English support from the babel system
))) (/usr/share/texlive/texmf-dist/tex/latex/tools/calc.sty
Package: calc 2025/03/01 v4.3b Infix arithmetic (KKT,FJ)
\calc@Acount=\count360
\calc@Bcount=\count361
\calc@Adimen=\dimen303
\calc@Bdimen=\dimen304
\calc@Askip=\skip67
\calc@Bskip=\skip68
LaTeX Info: Redefining \setlength on input line 86.
LaTeX Info: Redefining \addtolength on input line 87.
\calc@Ccount=\count362
\calc@Cskip=\skip69
) (/usr/share/texlive/texmf-dist/tex/latex/fp/fp.sty
Package: fp 1995/04/02
 `Fixed Point Package', Version 0.8, April 2, 1995 (C) Michael Mehlich (/usr/share/texlive/texmf-dist/tex/latex/fp/defpattern.sty
Package: defpattern 1994/10/12
\actioncount=\count363
) (/usr/share/texlive/texmf-dist/tex/latex/fp/fp-basic.sty
Package: fp-basic 1996/05/13
\FP@xs=\count364
\FP@xia=\count365
\FP@xib=\count366
\FP@xfa=\count367
\FP@xfb=\count368
\FP@rega=\count369
\FP@regb=\count370
\FP@regs=\count371
\FP@times=\count372
) (/usr/share/texlive/texmf-dist/tex/latex/fp/fp-addons.sty
Package: fp-addons 1995/03/15
) (/usr/share/texlive/texmf-dist/tex/latex/fp/fp-snap.sty
Package: fp-snap 1995/04/05
) (/usr/share/texlive/texmf-dist/tex/latex/fp/fp-exp.sty
Package: fp-exp 1995/04/03
) (/usr/share/texlive/texmf-dist/tex/latex/fp/fp-trigo.sty
Package: fp-trigo 1995/04/14
) (/usr/share/texlive/texmf-dist/tex/latex/fp/fp-pas.sty
Package: fp-pas 1994/08/29
) (/usr/share/texlive/texmf-dist/tex/latex/fp/fp-random.sty
Package: fp-random 1995/02/23
\FPseed=\count373
) (/usr/share/texlive/texmf-dist/tex/latex/fp/fp-eqn.sty
Package: fp-eqn 1995/04/03
) (/usr/share/texlive/texmf-dist/tex/latex/fp/fp-upn.sty
Package: fp-upn 1996/10/21
) (/usr/share/texlive/texmf-dist/tex/latex/fp/fp-eval.sty
Package: fp-eval 1995/04/03
)) (/usr/share/texlive/texmf-dist/tex/latex/xpatch/xpatch.sty (/usr/share/texlive/texmf-dist/tex/latex/l3kernel/expl3.sty
Package: expl3 2026-01-19 L3 programming layer (loader) 
 (/usr/share/texlive/texmf-dist/tex/latex/l3backend/l3backend-pdftex.def
File: l3backend-pdftex.def 2025-10-09 L3 backend support: PDF output (pdfTeX)
\l__color_backend_stack_int=\count374
))
Package: xpatch 2020/03/25 v0.3a Extending etoolbox patching commands
 (/usr/share/texlive/texmf-dist/tex/latex/l3packages/xparse/xparse.sty
Package: xparse 2025-10-09 L3 Experimental document command parser
))
Package hyperref Info: Option `colorlinks' set `true' on input line 48.
 (/usr/share/texlive/texmf-dist/tex/latex/textpos/textpos.sty
Package: textpos 2022/07/23 v1.10.1
Package textpos Info: choosing support for LaTeX3 on input line 60.
\TP@textbox=\box78
\TP@holdbox=\box79
\TPHorizModule=\dimen305
\TPVertModule=\dimen306
\TP@margin=\dimen307
\TP@absmargin=\dimen308

Grid set 16 x 16 = 22.7622pt x 17.07166pt
\TPboxrulesize=\dimen309
\TP@ox=\dimen310
\TP@oy=\dimen311
\TP@tbargs=\toks48
TextBlockOrigin set to 0pt x 0pt
) (/usr/share/texlive/texmf-dist/tex/latex/ragged2e/ragged2e.sty
Package: ragged2e 2023/06/22 v3.6 ragged2e Package
\CenteringLeftskip=\skip70
\RaggedLeftLeftskip=\skip71
\RaggedRightLeftskip=\skip72
\CenteringRightskip=\skip73
\RaggedLeftRightskip=\skip74
\RaggedRightRightskip=\skip75
\CenteringParfillskip=\skip76
\RaggedLeftParfillskip=\skip77
\RaggedRightParfillskip=\skip78
\JustifyingParfillskip=\skip79
\CenteringParindent=\skip80
\RaggedLeftParindent=\skip81
\RaggedRightParindent=\skip82
\JustifyingParindent=\skip83
) (/usr/share/texlive/texmf-dist/tex/latex/microtype/microtype.sty
Package: microtype 2025/07/09 v3.2b Micro-typographical refinements (RS)
\MT@toks=\toks49
\MT@tempbox=\box80
\MT@count=\count375
LaTeX Info: Redefining \noprotrusionifhmode on input line 1087.
LaTeX Info: Redefining \leftprotrusion on input line 1088.
\MT@prot@toks=\toks50
LaTeX Info: Redefining \rightprotrusion on input line 1107.
LaTeX Info: Redefining \textls on input line 1449.
\MT@outer@kern=\dimen312
LaTeX Info: Redefining \microtypecontext on input line 2053.
LaTeX Info: Redefining \textmicrotypecontext on input line 2070.
\MT@listname@count=\count376
 (/usr/share/texlive/texmf-dist/tex/latex/microtype/microtype-pdftex.def
File: microtype-pdftex.def 2025/07/09 v3.2b Definitions specific to pdftex (RS)
LaTeX Info: Redefining \lsstyle on input line 944.
LaTeX Info: Redefining \lslig on input line 944.
\MT@outer@space=\skip84
)
Package microtype Info: Loading configuration file microtype.cfg.
 (/usr/share/texlive/texmf-dist/tex/latex/microtype/microtype.cfg
File: microtype.cfg 2025/07/09 v3.2b microtype main configuration file (RS)
)
LaTeX Info: Redefining \microtypesetup on input line 3065.
)
\sympureletters=\mathgroup6
LaTeX Font Info:    Overwriting symbol font `pureletters' in version `bold'
(Font)                  OT1/mathkerncmss/m/sl --> OT1/mathkerncmss/bx/sl on input line 75.
 (/usr/share/texlive/texmf-dist/tex/latex/tools/bm.sty
Package: bm 2025/10/21 v1.2g Bold Symbol Support (DPC/FMi)
Package bm Info: No bold for \OMX/cmex/m/n, using \pmb.
Package bm Info: No bold for \U/msa/m/n, using \pmb.
Package bm Info: No bold for \U/msb/m/n, using \pmb.
) (/usr/share/texlive/texmf-dist/tex/latex/tabularray/tabularray.sty
Package: tabularray 2025-11-27 v2025C Typeset tabulars and arrays with LaTeX3
 (/usr/share/texlive/texmf-dist/tex/latex/ninecolors/ninecolors.sty
Package: ninecolors 2022-02-13 v2022D Select colors with proper color contrast
)
\g__tblr_nohyper_int=\count377
\l__tblr_a_int=\count378
\l__tblr_c_int=\count379
\l__tblr_r_int=\count380
\l__tblr_d_dim=\dimen313
\l__tblr_h_dim=\dimen314
\l__tblr_o_dim=\dimen315
\l__tblr_p_dim=\dimen316
\l__tblr_q_dim=\dimen317
\l__tblr_r_dim=\dimen318
\l__tblr_s_dim=\dimen319
\l__tblr_t_dim=\dimen320
\l__tblr_v_dim=\dimen321
\l__tblr_w_dim=\dimen322
\l__tblr_a_box=\box81
\l__tblr_b_box=\box82
\l__tblr_c_box=\box83
\l__tblr_d_box=\box84
\c@tblrcount=\count381
\c@rownum=\count382
\c@colnum=\count383
\c@rowcount=\count384
\c@colcount=\count385
\abovesep=\dimen323
\belowsep=\dimen324
\leftsep=\dimen325
\rightsep=\dimen326
\gTblrLevelInt=\count386
\g__tblr_data_row_key_count_int=\count387
\g__tblr_data_column_key_count_int=\count388
\g__tblr_data_cell_key_count_int=\count389
\g__tblr_array_int=\count390
\l__tblr_key_count_int=\count391
\l__tblr_key_quotient_int=\count392
\l__tblr_key_quotient_two_int=\count393
\l__tblr_key_remainder_int=\count394
\g__tblr_data_str_value_count_int=\count395
\lTblrChildTotalInt=\count396
\lTblrChildHtotalInt=\count397
\lTblrChildVtotalInt=\count398
\l__child_diff_h_int=\count399
\l__child_diff_v_int=\count400
\l__child_sign_h_int=\count401
\l__child_sign_v_int=\count402
\l__child_step_int=\count403
\lTblrDefaultHruleWidthDim=\dimen327
\lTblrDefaultVruleWidthDim=\dimen328
\l__tblr_split_balance_int=\count404
\l__tblr_strut_dp_dim=\dimen329
\l__tblr_strut_ht_dim=\dimen330
\g__tblr_cell_wd_dim=\dimen331
\g__tblr_cell_ht_dim=\dimen332
\g__tblr_cell_head_dim=\dimen333
\g__tblr_cell_foot_dim=\dimen334
\l__tblr_measured_cell_box=\box85
\g__tblr_last_box=\box86
\l__tblr_temp_box=\box87
\l__tblr_column_target_dim=\dimen335
\l__tblr_hfuzz_dim=\dimen336
\l__tblr_caption_box=\box88
\l__tblr_caption_left_box=\box89
\lTblrRowHeadInt=\count405
\lTblrRowFootInt=\count406
\l__tblr_row_head_box=\box90
\l__tblr_row_foot_box=\box91
\l__tblr_row_head_foot_dim=\dimen337
\lTblrTableWidthDim=\dimen338
\l__tblr_table_firsthead_box=\box92
\l__tblr_table_middlehead_box=\box93
\l__tblr_table_lasthead_box=\box94
\l__tblr_table_firstfoot_box=\box95
\l__tblr_table_middlefoot_box=\box96
\l__tblr_table_lastfoot_box=\box97
\l__tblr_remain_height_dim=\dimen339
\l__tblr_next_rows_dim=\dimen340
\l__tblr_page_overfill_dim=\dimen341
\l__tblr_long_from_int=\count407
\l__tblr_long_to_int=\count408
\l__tblr_curr_i_int=\count409
\l__tblr_prev_i_int=\count410
\lTblrTablePageInt=\count411
\l__tblr_table_head_box=\box98
\l__tblr_table_foot_box=\box99
\l__tblr_table_head_foot_dim=\dimen342
\l__tblr_table_head_body_foot_dim=\dimen343
\l__tblr_table_box=\box100
\lTblrRowFirstInt=\count412
\lTblrRowLastInt=\count413
\l__tblr_cover_box_a_dim=\dimen344
\l__tblr_cover_box_b_dim=\dimen345
\l__tblr_table_hlines_box=\box101
\l__tblr_hline_box=\box102
\l__tblr_row_box=\box103
\l__tblr_col_o_wd_dim=\dimen346
\l__tblr_col_b_wd_dim=\dimen347
\l__tblr_hline_leftskip_dim=\dimen348
\l__tblr_hline_rightskip_dim=\dimen349
\l__tblr_row_ht_dim=\dimen350
\l__tblr_row_dp_dim=\dimen351
\l__tblr_row_abovesep_dim=\dimen352
\l__tblr_row_belowsep_dim=\dimen353
\l__tblr_row_vlines_box=\box104
\l__tblr_vline_box=\box105
\l__tblr_cell_box=\box106
\l__tblr_row_upper_dim=\dimen354
\l__tblr_row_lower_dim=\dimen355
\l__tblr_row_vpace_dim=\dimen356
\l__tblr_vline_aboveskip_dim=\dimen357
\l__tblr_vline_belowskip_dim=\dimen358
\lTblrCellRowSpanInt=\count414
\lTblrCellColSpanInt=\count415
\l__tblr_cell_wd_dim=\dimen359
\l__tblr_cell_ht_dim=\dimen360
\lTblrCellAboveBorderWidthDim=\dimen361
\lTblrCellBelowBorderWidthDim=\dimen362
\lTblrCellLeftBorderWidthDim=\dimen363
\lTblrCellRightBorderWidthDim=\dimen364
\l__tblr_diag_box=\box107
\l__tblr_cell_inner_wd_dim=\dimen365
\l__tblr_cell_inner_dp_dim=\dimen366
\l__tblr_cell_hanchor_dim=\dimen367
\l__tblr_last_cell_table_ht_dim=\dimen368
\l__tblr_last_cell_table_dp_dim=\dimen369
\l__tblr_last_vline_wd_dim=\dimen370
\l__tblr_tikz_node_box=\box108
) (/usr/share/texlive/texmf-dist/tex/latex/booktabs/booktabs.sty
Package: booktabs 2020/01/12 v1.61803398 Publication quality tables
\heavyrulewidth=\dimen371
\lightrulewidth=\dimen372
\cmidrulewidth=\dimen373
\belowrulesep=\dimen374
\belowbottomsep=\dimen375
\aboverulesep=\dimen376
\abovetopsep=\dimen377
\cmidrulesep=\dimen378
\cmidrulekern=\dimen379
\defaultaddspace=\dimen380
\@cmidla=\count416
\@cmidlb=\count417
\@aboverulesep=\dimen381
\@belowrulesep=\dimen382
\@thisruleclass=\count418
\@lastruleclass=\count419
\@thisrulewidth=\dimen383
) (/usr/share/texlive/texmf-dist/tex/latex/siunitx/siunitx.sty
Package: siunitx 2025-07-09 v3.4.14 A comprehensive (SI) units package
\l__siunitx_number_uncert_offset_int=\count420
\l__siunitx_number_exponent_fixed_int=\count421
\l__siunitx_number_min_decimal_int=\count422
\l__siunitx_number_min_integer_int=\count423
\l__siunitx_number_round_precision_int=\count424
\l__siunitx_number_lower_threshold_int=\count425
\l__siunitx_number_upper_threshold_int=\count426
\l__siunitx_number_group_first_int=\count427
\l__siunitx_number_group_size_int=\count428
\l__siunitx_number_group_minimum_int=\count429
\l__siunitx_angle_tmp_dim=\dimen384
\l__siunitx_angle_marker_box=\box109
\l__siunitx_angle_unit_box=\box110
\l__siunitx_compound_count_int=\count430
 (/usr/share/texlive/texmf-dist/tex/latex/translations/translations.sty
Package: translations 2022/02/05 v1.12 internationalization of LaTeX2e packages (CN)
)
\l__siunitx_table_tmp_box=\box111
\l__siunitx_table_tmp_dim=\dimen385
\l__siunitx_table_column_width_dim=\dimen386
\l__siunitx_table_integer_box=\box112
\l__siunitx_table_decimal_box=\box113
\l__siunitx_table_uncert_box=\box114
\l__siunitx_table_before_box=\box115
\l__siunitx_table_after_box=\box116
\l__siunitx_table_before_dim=\dimen387
\l__siunitx_table_carry_dim=\dimen388
\l__siunitx_unit_tmp_int=\count431
\l__siunitx_unit_position_int=\count432
\l__siunitx_unit_total_int=\count433
 (/usr/share/texlive/texmf-dist/tex/latex/tools/array.sty
Package: array 2025/09/25 v2.6n Tabular extension package (FMi)
\col@sep=\dimen389
\ar@mcellbox=\box117
\extrarowheight=\dimen390
\NC@list=\toks51
\extratabsurround=\skip85
\backup@length=\skip86
\ar@cellbox=\box118
)) (/usr/share/texlive/texmf-dist/tex/latex/beamerposter/beamerposter.sty
Package: beamerposter 2018/04/23 v.1.13 latex-beamer poster extension
 (/usr/share/texlive/texmf-dist/tex/latex/xkeyval/xkeyval.sty
Package: xkeyval 2025/11/04 v2.10 package option processing (HA)
 (/usr/share/texlive/texmf-dist/tex/generic/xkeyval/xkeyval.tex (/usr/share/texlive/texmf-dist/tex/generic/xkeyval/xkvutils.tex
\XKV@toks=\toks52
\XKV@tempa@toks=\toks53
\XKV@tempb@toks=\toks54
)
\XKV@depth=\count434
File: xkeyval.tex 2014/12/03 v2.7a key=value parser (HA)
)) (/usr/share/texlive/texmf-dist/tex/latex/type1cm/type1cm.sty
Package: type1cm 2002/09/05 v0.04 BlueSky/Y&Y Type1 CM font definitions (DPC, patched RF)
)
Package beamerposter Info: checking size input, please wait. on input line 129.
Package beamerposter Info: the input a0\ 1\ was correct, we proceed. on input line 129.
Package beamerposter Info: finished size input check. on input line 129.
Package beamerposter Info: myfontscale=1.0 on input line 129.
Package beamerposter Info: checking size input, please wait. on input line 130.
Package beamerposter Info: the input custom\ 6\ was correct, we proceed. on input line 130.
Package beamerposter Info: finished size input check. on input line 130.
Package beamerposter Info: custom poster width=84.1 on input line 130.
Package beamerposter Info: custom poster height=118.9 on input line 130.
Package beamerposter Info: myfontscale=1.2 on input line 130.
Package beamerposter Info: paperwidth=2392.87694pt, paperheight=3383.0325pt on input line 173.
Package beamerposter Info: textwidth=2364.42418pt, textheight=3354.57974pt on input line 174.
Package beamerposter Info: fontscale=1.0, myfontscale=1.20 on input line 175.
) (/usr/share/texlive/texmf-dist/tex/latex/beamer/beamerfontthemeprofessionalfonts.sty)
\inboxwd=\skip87
\iinboxwd=\skip88
\inboxrule=\skip89
\bibindent=\skip90
\bibitemsep=\skip91
\bibsep=\skip92
 (/usr/share/texlive/texmf-dist/tex/latex/blindtext/blindtext.sty
Package: blindtext 2012/01/06 V2.0 blindtext-Package
 (/usr/share/texlive/texmf-dist/tex/latex/tools/xspace.sty
Package: xspace 2014/10/28 v1.13 Space after command names (DPC,MH)
)
\c@blindtext=\count435
\c@Blindtext=\count436
\c@blind@countparstart=\count437
\blind@countxx=\count438
\blindtext@numBlindtext=\count439
\blind@countyy=\count440
\c@blindlist=\count441
\c@blindlistlevel=\count442
\c@blindlist@level=\count443
\blind@listitem=\count444
\c@blind@listcount=\count445
\c@blind@levelcount=\count446
\blind@mathformula=\count447
\blind@Mathformula=\count448
\c@blind@randomcount=\count449
\c@blind@randommax=\count450
\c@blind@pangramcount=\count451
\c@blind@pangrammax=\count452
) (/usr/share/texlive/texmf-dist/tex/latex/relsize/relsize.sty
Package: relsize 2013/03/29 ver 4.1
) (/usr/share/texlive/texmf-dist/tex/latex/mathtools/mathtools.sty
Package: mathtools 2024/10/04 v1.31 mathematical typesetting tools
 (/usr/share/texlive/texmf-dist/tex/latex/mathtools/mhsetup.sty
Package: mhsetup 2021/03/18 v1.4 programming setup (MH)
)
\g_MT_multlinerow_int=\count453
\l_MT_multwidth_dim=\dimen391
\origjot=\skip93
\l_MT_shortvdotswithinadjustabove_dim=\dimen392
\l_MT_shortvdotswithinadjustbelow_dim=\dimen393
\l_MT_above_intertext_sep=\dimen394
\l_MT_below_intertext_sep=\dimen395
\l_MT_above_shortintertext_sep=\dimen396
\l_MT_below_shortintertext_sep=\dimen397
\xmathstrut@box=\box119
\xmathstrut@dim=\dimen398
)
\colsep=\skip94
\totalcolsep=\skip95
\colwidth=\skip96
 (/usr/share/texlive/texmf-dist/tex/latex/pgf/frontendlayer/tikz.sty (/usr/share/texlive/texmf-dist/tex/latex/pgf/basiclayer/pgf.sty
Package: pgf 2025-08-29 v3.1.11a (3.1.11a)
 (/usr/share/texlive/texmf-dist/tex/generic/pgf/modules/pgfmoduleshapes.code.tex
File: pgfmoduleshapes.code.tex 2025-08-29 v3.1.11a (3.1.11a)
\pgfnodeparttextbox=\box120
) (/usr/share/texlive/texmf-dist/tex/generic/pgf/modules/pgfmoduleplot.code.tex
File: pgfmoduleplot.code.tex 2025-08-29 v3.1.11a (3.1.11a)
) (/usr/share/texlive/texmf-dist/tex/latex/pgf/compatibility/pgfcomp-version-0-65.sty
Package: pgfcomp-version-0-65 2025-08-29 v3.1.11a (3.1.11a)
\pgf@nodesepstart=\dimen399
\pgf@nodesepend=\dimen400
) (/usr/share/texlive/texmf-dist/tex/latex/pgf/compatibility/pgfcomp-version-1-18.sty
Package: pgfcomp-version-1-18 2025-08-29 v3.1.11a (3.1.11a)
)) (/usr/share/texlive/texmf-dist/tex/latex/pgf/utilities/pgffor.sty (/usr/share/texlive/texmf-dist/tex/generic/pgf/utilities/pgffor.code.tex
Package: pgffor 2025-08-29 v3.1.11a (3.1.11a)
\pgffor@iter=\dimen401
\pgffor@skip=\dimen402
\pgffor@stack=\toks55
\pgffor@toks=\toks56
)) (/usr/share/texlive/texmf-dist/tex/generic/pgf/frontendlayer/tikz/tikz.code.tex
Package: tikz 2025-08-29 v3.1.11a (3.1.11a)
 (/usr/share/texlive/texmf-dist/tex/generic/pgf/libraries/pgflibraryplothandlers.code.tex
File: pgflibraryplothandlers.code.tex 2025-08-29 v3.1.11a (3.1.11a)
\pgf@plot@mark@count=\count454
\pgfplotmarksize=\dimen403
)
\tikz@lastx=\dimen404
\tikz@lasty=\dimen405
\tikz@lastxsaved=\dimen406
\tikz@lastysaved=\dimen407
\tikz@lastmovetox=\dimen408
\tikz@lastmovetoy=\dimen409
\tikzleveldistance=\dimen410
\tikzsiblingdistance=\dimen411
\tikz@figbox=\box121
\tikz@figbox@bg=\box122
\tikz@tempbox=\box123
\tikz@tempbox@bg=\box124
\tikztreelevel=\count455
\tikznumberofchildren=\count456
\tikznumberofcurrentchild=\count457
\tikz@fig@count=\count458
 (/usr/share/texlive/texmf-dist/tex/generic/pgf/modules/pgfmodulematrix.code.tex
File: pgfmodulematrix.code.tex 2025-08-29 v3.1.11a (3.1.11a)
\pgfmatrixcurrentrow=\count459
\pgfmatrixcurrentcolumn=\count460
\pgf@matrix@numberofcolumns=\count461
)
\tikz@expandcount=\count462
 (/usr/share/texlive/texmf-dist/tex/generic/pgf/frontendlayer/tikz/libraries/tikzlibrarytopaths.code.tex
File: tikzlibrarytopaths.code.tex 2025-08-29 v3.1.11a (3.1.11a)
))) (/usr/share/texlive/texmf-dist/tex/generic/pgf/frontendlayer/tikz/libraries/tikzlibrarycalc.code.tex
File: tikzlibrarycalc.code.tex 2025-08-29 v3.1.11a (3.1.11a)
) (/usr/share/texlive/texmf-dist/tex/latex/printlen/printlen.sty
Package: printlen 2009/09/03 v1.1a print lengths with units
)) (./Preamble_BibLaTeX_AER.tex (/usr/share/texlive/texmf-dist/tex/latex/biblatex-chicago/biblatex-chicago.sty
Package: biblatex-chicago 2022/07/02 v 3.18 biblatex style
 (/usr/share/texlive/texmf-dist/tex/generic/xstring/xstring.sty (/usr/share/texlive/texmf-dist/tex/generic/xstring/xstring.tex
\xs_counta=\count463
\xs_countb=\count464
)
Package: xstring 2023/08/22 v1.86 String manipulations (CT)
) (/usr/share/texlive/texmf-dist/tex/latex/biblatex/biblatex.sty
Package: biblatex 2025/07/10 v3.21 programmable bibliographies (PK/MW)
 (/usr/share/texlive/texmf-dist/tex/latex/logreq/logreq.sty
Package: logreq 2010/08/04 v1.0 xml request logger
\lrq@indent=\count465
 (/usr/share/texlive/texmf-dist/tex/latex/logreq/logreq.def
File: logreq.def 2010/08/04 v1.0 logreq spec v1.0
)) (/usr/share/texlive/texmf-dist/tex/latex/base/ifthen.sty
Package: ifthen 2024/03/16 v1.1e Standard LaTeX ifthen package (DPC)
)
\c@tabx@nest=\count466
\c@listtotal=\count467
\c@listcount=\count468
\c@liststart=\count469
\c@liststop=\count470
\c@citecount=\count471
\c@citetotal=\count472
\c@multicitecount=\count473
\c@multicitetotal=\count474
\c@instcount=\count475
\c@maxnames=\count476
\c@minnames=\count477
\c@maxitems=\count478
\c@minitems=\count479
\c@citecounter=\count480
\c@maxcitecounter=\count481
\c@savedcitecounter=\count482
\c@uniquelist=\count483
\c@uniquename=\count484
\c@refsection=\count485
\c@refsegment=\count486
\c@maxextratitle=\count487
\c@maxextratitleyear=\count488
\c@maxextraname=\count489
\c@maxextradate=\count490
\c@maxextraalpha=\count491
\c@abbrvpenalty=\count492
\c@highnamepenalty=\count493
\c@lownamepenalty=\count494
\c@maxparens=\count495
\c@parenlevel=\count496
\blx@tempcnta=\count497
\blx@tempcntb=\count498
\blx@tempcntc=\count499
\c@blx@maxsection=\count500
\blx@maxsegment@0=\count501
\blx@notetype=\count502
\blx@parenlevel@text=\count503
\blx@parenlevel@foot=\count504
\blx@sectionciteorder@0=\count505
\blx@sectionciteorderinternal@0=\count506
\blx@entrysetcounter=\count507
\blx@biblioinstance=\count508
\labelnumberwidth=\skip97
\labelalphawidth=\skip98
\biblabelsep=\skip99
\bibnamesep=\skip100
\bibinitsep=\skip101
\bibparsep=\skip102
\bibhang=\skip103
\blx@bcfin=\read4
\blx@bcfout=\write5
\blx@langwohyphens=\language91
\c@mincomprange=\count509
\c@maxcomprange=\count510
\c@mincompwidth=\count511
Package biblatex Info: Trying to load biblatex default data model...
Package biblatex Info: ... file 'blx-dm.def' found.
 (/usr/share/texlive/texmf-dist/tex/latex/biblatex/blx-dm.def
File: blx-dm.def 2025/07/10 v3.21 biblatex datamodel (PK/MW)
)
Package biblatex Info: Trying to load biblatex style data model...
Package biblatex Info: ... file 'chicago-authordate.dbx' not found.
Package biblatex Info: Trying to load biblatex custom data model...
Package biblatex Info: ... file 'biblatex-dm.cfg' not found.
\c@afterword=\count512
\c@savedafterword=\count513
\c@annotator=\count514
\c@savedannotator=\count515
\c@author=\count516
\c@savedauthor=\count517
\c@bookauthor=\count518
\c@savedbookauthor=\count519
\c@commentator=\count520
\c@savedcommentator=\count521
\c@editor=\count522
\c@savededitor=\count523
\c@editora=\count524
\c@savededitora=\count525
\c@editorb=\count526
\c@savededitorb=\count527
\c@editorc=\count528
\c@savededitorc=\count529
\c@foreword=\count530
\c@savedforeword=\count531
\c@holder=\count532
\c@savedholder=\count533
\c@introduction=\count534
\c@savedintroduction=\count535
\c@namea=\count536
\c@savednamea=\count537
\c@nameb=\count538
\c@savednameb=\count539
\c@namec=\count540
\c@savednamec=\count541
\c@translator=\count542
\c@savedtranslator=\count543
\c@shortauthor=\count544
\c@savedshortauthor=\count545
\c@shorteditor=\count546
\c@savedshorteditor=\count547
\c@labelname=\count548
\c@savedlabelname=\count549
\c@institution=\count550
\c@savedinstitution=\count551
\c@lista=\count552
\c@savedlista=\count553
\c@listb=\count554
\c@savedlistb=\count555
\c@listc=\count556
\c@savedlistc=\count557
\c@listd=\count558
\c@savedlistd=\count559
\c@liste=\count560
\c@savedliste=\count561
\c@listf=\count562
\c@savedlistf=\count563
\c@location=\count564
\c@savedlocation=\count565
\c@organization=\count566
\c@savedorganization=\count567
\c@origlocation=\count568
\c@savedoriglocation=\count569
\c@origpublisher=\count570
\c@savedorigpublisher=\count571
\c@publisher=\count572
\c@savedpublisher=\count573
\c@language=\count574
\c@savedlanguage=\count575
\c@origlanguage=\count576
\c@savedoriglanguage=\count577
\c@pageref=\count578
\c@savedpageref=\count579
\shorthandwidth=\skip104
\shortjournalwidth=\skip105
\shortserieswidth=\skip106
\shorttitlewidth=\skip107
\shortauthorwidth=\skip108
\shorteditorwidth=\skip109
\locallabelnumberwidth=\skip110
\locallabelalphawidth=\skip111
\localshorthandwidth=\skip112
\localshortjournalwidth=\skip113
\localshortserieswidth=\skip114
\localshorttitlewidth=\skip115
\localshortauthorwidth=\skip116
\localshorteditorwidth=\skip117
Package biblatex Info: Trying to load compatibility code...
Package biblatex Info: ... file 'blx-compat.def' found.
 (/usr/share/texlive/texmf-dist/tex/latex/biblatex/blx-compat.def
File: blx-compat.def 2025/07/10 v3.21 biblatex compatibility (PK/MW)
)
Package biblatex Info: Trying to load generic definitions...
Package biblatex Info: ... file 'biblatex.def' found.
 (/usr/share/texlive/texmf-dist/tex/latex/biblatex/biblatex.def
File: biblatex.def 2025/07/10 v3.21 biblatex compatibility (PK/MW)
\c@textcitecount=\count580
\c@textcitetotal=\count581
\c@textcitemaxnames=\count582
\c@biburlbigbreakpenalty=\count583
\c@biburlbreakpenalty=\count584
\c@biburlnumpenalty=\count585
\c@biburlucpenalty=\count586
\c@biburllcpenalty=\count587
\biburlbigskip=\muskip19
\biburlnumskip=\muskip20
\biburlucskip=\muskip21
\biburllcskip=\muskip22
\c@smartand=\count588
)
Package biblatex Info: Trying to load natbib compatibility...
Package biblatex Info: ... file 'blx-natbib.def' found.
 (/usr/share/texlive/texmf-dist/tex/latex/biblatex/blx-natbib.def
File: blx-natbib.def 2025/07/10 v3.21 biblatex compatibility (PK/MW)
Package biblatex Info: Delimiter 'nameyeardelim' in context '' already defined, overwriting.
)
Package biblatex Info: Trying to load bibliography style 'chicago-authordate'...
Package biblatex Info: ... file 'chicago-authordate.bbx' found.
 (/usr/share/texlive/texmf-dist/tex/latex/biblatex-chicago/chicago-authordate.bbx
File: chicago-authordate.bbx 2022/11/17 v 3.18b biblatex bibliography style
\lositemsep=\skip118
Package biblatex Info: Delimiter 'revsdnamedelim' in context '' already defined, overwriting.
\cms@tempcnta=\count589
\cms@tempcntb=\count590
\c@bbx:relatedcount=\count591
\c@bbx:relatedtotal=\count592
)
Package biblatex Info: Trying to load citation style 'chicago-authordate'...
Package biblatex Info: ... file 'chicago-authordate.cbx' found.
 (/usr/share/texlive/texmf-dist/tex/latex/biblatex-chicago/chicago-authordate.cbx
File: chicago-authordate.cbx 2022/07/02 v 3.18 biblatex citation style
Package biblatex Info: Trying to load citation style 'chicago-dates-common'...
Package biblatex Info: ... file 'chicago-dates-common.cbx' found.
 (/usr/share/texlive/texmf-dist/tex/latex/biblatex-chicago/chicago-dates-common.cbx
File: chicago-dates-common.cbx 2024/04/15 v 3.20 biblatex citation style
Package biblatex Info: Redefining '\cite'.
Package biblatex Info: Redefining '\parencite'.
Package biblatex Info: Redefining '\footcite'.
Package biblatex Info: Redefining '\footcitetext'.
Package biblatex Info: Redefining '\citetitle'.
Package biblatex Info: Redefining '\footfullcite'.
Package biblatex Info: Redefining '\fullcite'.
Package biblatex Info: Redefining '\textcite'.
Package biblatex Info: Redefining '\textcites'.
Package biblatex Info: Redefining '\cites'.
Package biblatex Info: Redefining '\parencites'.
Package biblatex Info: Redefining '\footcites'.
Package biblatex Info: Redefining '\footcitetexts'.
\c@cms@punct=\count593
Package biblatex Info: Delimiter 'dateeradelim' in context '' already defined, overwriting.
))
Package biblatex Info: Trying to load configuration file...
Package biblatex Info: ... file 'biblatex.cfg' found.
 (/usr/share/texlive/texmf-dist/tex/latex/biblatex/biblatex.cfg
File: biblatex.cfg 
)
Package biblatex Info: Input encoding 'utf8' detected.
Package biblatex Info: Document encoding is UTF8 ....
Package biblatex Info: ... and expl3
(biblatex)             2026-01-19 L3 programming layer (loader) 
(biblatex)             is new enough (at least 2020/04/06),
(biblatex)             setting 'casechanger=expl3'.
 (/usr/share/texlive/texmf-dist/tex/latex/biblatex/blx-case-expl3.sty
Package: blx-case-expl3 2025/07/10 v3.21 expl3 case changing code for biblatex
)))) (./Preamble_Fonts_Charter_FiraSans.tex (/usr/share/texlive/texmf-dist/tex/latex/fira/FiraMono.sty
Package: FiraMono 2022/09/17 (Bob Tennent and autoinst) Style file for Fira Mono fonts.
 (/usr/share/texlive/texmf-dist/tex/generic/iftex/ifxetex.sty
Package: ifxetex 2019/10/25 v0.7 ifxetex legacy package. Use iftex instead.
) (/usr/share/texlive/texmf-dist/tex/generic/iftex/ifluatex.sty
Package: ifluatex 2019/10/25 v1.5 ifluatex legacy package. Use iftex instead.
) (/usr/share/texlive/texmf-dist/tex/latex/base/textcomp.sty
Package: textcomp 2024/04/24 v2.1b Standard LaTeX package
) (/usr/share/texlive/texmf-dist/tex/latex/base/fontenc.sty
Package: fontenc 2025/07/18 v2.1d Standard LaTeX package
) (/usr/share/texlive/texmf-dist/tex/latex/fontaxes/fontaxes.sty
Package: fontaxes 2026-01-02 v2.0.2 Font selection axes (deprecated)
Applying: [2024-11-01] Use figureversions if present on input line 74.
 (/usr/share/texlive/texmf-dist/tex/latex/figureversions/figureversions.sty
Package: figureversions 2025-04-29 v1.0.1 Figure versions
)
Already applied: [0000-00-00] Fall back to v1 on input line 76.
)) (/usr/share/texlive/texmf-dist/tex/latex/fira/FiraSans.sty
Package: FiraSans 2022/09/17 (Bob Tennent and autoinst) Style file for Fira Sans fonts.
) (/usr/share/texlive/texmf-dist/tex/latex/mathdesign/mathdesign.sty
Package: mathdesign 2013/08/29 v2.31 Math Design Project
 (/usr/share/texlive/texmf-dist/tex/latex/mathdesign/mdbch/mdbch.cfg)
LaTeX Encoding Info:    Redeclaring text command \textcircled (encoding OMS) on input line 206.
 (/usr/share/texlive/texmf-dist/tex/latex/mathdesign/mdbch/mdbch.sty
Package: mdbch 2013/08/29 v2.31 bitstream bitstream charter + mdbch (Math Design Project)
 (/usr/share/texlive/texmf-dist/tex/latex/mathdesign/mdfont.def
File: mdfont.def 2013/08/29 v2.31 (Math Design Project)
)
\symmdcal=\mathgroup7
LaTeX Font Info:    Overwriting symbol font `mdcal' in version `bold'
(Font)                  OMS/mdbch/m/n --> OMS/mdbch/b/n on input line 97.
\symmdscr=\mathgroup8
LaTeX Font Info:    Overwriting symbol font `mdscr' in version `bold'
(Font)                  OMS/mdbch/m/n --> OMS/mdbch/b/n on input line 103.
LaTeX Font Info:    Redeclaring math alphabet \mathfrak on input line 109.
LaTeX Font Info:    Overwriting math alphabet `\mathfrak' in version `normal'
(Font)                  U/euf/m/n --> U/xmdeuf/m/n on input line 109.
LaTeX Font Info:    Overwriting math alphabet `\mathfrak' in version `bold'
(Font)                  U/euf/b/n --> U/xmdeuf/m/n on input line 109.
LaTeX Font Info:    Overwriting math alphabet `\mathfrak' in version `bold'
(Font)                  U/xmdeuf/m/n --> U/xmdeuf/b/n on input line 110.
LaTeX Info: Redefining \frak on input line 111.
LaTeX Font Info:    Overwriting symbol font `operators' in version `normal'
(Font)                  OT1/cmr/m/n --> OT1/mdbch/m/n on input line 121.
LaTeX Font Info:    Overwriting symbol font `letters' in version `normal'
(Font)                  OML/cmm/m/it --> OML/mdbch/m/it on input line 122.
LaTeX Font Info:    Overwriting symbol font `symbols' in version `normal'
(Font)                  OMS/cmsy/m/n --> OMS/mdbch/m/n on input line 123.
LaTeX Font Info:    Overwriting symbol font `largesymbols' in version `normal'
(Font)                  OMX/cmex/m/n --> OMX/mdbch/m/n on input line 124.
LaTeX Font Info:    Overwriting symbol font `operators' in version `bold'
(Font)                  OT1/cmr/bx/n --> OT1/mdbch/b/n on input line 126.
LaTeX Font Info:    Overwriting symbol font `letters' in version `bold'
(Font)                  OML/cmm/b/it --> OML/mdbch/b/it on input line 127.
LaTeX Font Info:    Overwriting symbol font `symbols' in version `bold'
(Font)                  OMS/cmsy/b/n --> OMS/mdbch/b/n on input line 128.
LaTeX Font Info:    Overwriting symbol font `largesymbols' in version `bold'
(Font)                  OMX/cmex/m/n --> OMX/mdbch/b/n on input line 129.
LaTeX Font Info:    Overwriting math alphabet `\mathrm' in version `normal'
(Font)                  OT1/mdbch/m/n --> T1/mdbch/m/n on input line 131.
LaTeX Font Info:    Overwriting math alphabet `\mathbf' in version `normal'
(Font)                  OT1/cmr/bx/n --> T1/mdbch/b/n on input line 132.
LaTeX Font Info:    Overwriting math alphabet `\mathit' in version `normal'
(Font)                  OT1/cmr/m/it --> T1/mdbch/m/it on input line 133.
LaTeX Font Info:    Overwriting math alphabet `\mathsf' in version `normal'
(Font)                  OT1/cmss/m/n --> T1/FiraSans-TLF/m/n on input line 134.
LaTeX Font Info:    Overwriting math alphabet `\mathtt' in version `normal'
(Font)                  OT1/cmtt/m/n --> T1/FiraMono-TLF/m/n on input line 135.
LaTeX Font Info:    Overwriting math alphabet `\mathrm' in version `bold'
(Font)                  OT1/mdbch/b/n --> T1/mdbch/b/n on input line 137.
LaTeX Font Info:    Overwriting math alphabet `\mathbf' in version `bold'
(Font)                  OT1/cmr/bx/n --> T1/mdbch/b/n on input line 138.
LaTeX Font Info:    Overwriting math alphabet `\mathit' in version `bold'
(Font)                  OT1/cmr/bx/it --> T1/mdbch/b/it on input line 139.
LaTeX Font Info:    Overwriting math alphabet `\mathsf' in version `bold'
(Font)                  OT1/cmss/bx/n --> T1/FiraSans-TLF/b/n on input line 140.
LaTeX Font Info:    Overwriting math alphabet `\mathtt' in version `bold'
(Font)                  OT1/cmtt/m/n --> T1/FiraMono-TLF/b/n on input line 141.
\symlettersupright=\mathgroup9
LaTeX Font Info:    Overwriting symbol font `lettersupright' in version `bold'
(Font)                  OML/mdbch/m/n --> OML/mdbch/b/n on input line 144.
LaTeX Font Info:    Redeclaring math alphabet \mathrm on input line 145.
LaTeX Font Info:    Overwriting math alphabet `\mathcal' in version `normal'
(Font)                  OMS/mdbch/m/n --> OMS/mdbch/m/n on input line 167.
LaTeX Font Info:    Trying to load font information for T1+mdbch on input line 186.
 (/usr/share/texlive/texmf-dist/tex/latex/mathdesign/mdbch/t1mdbch.fd
File: t1mdbch.fd 2013/08/29 Fontinst v1.933 font definitions for T1/mdbch.
)
LaTeX Font Info:    Font shape `T1/mdbch/m/n' will be
(Font)              scaled to size 10.51207pt on input line 186.
LaTeX Font Info:    Redeclaring math accent \widetilde on input line 449.
LaTeX Font Info:    Redeclaring math accent \widehat on input line 450.
Now handling font encoding MDA ...
... no UTF-8 mapping file for font encoding MDA
\symmathdesignA=\mathgroup10
LaTeX Font Info:    Overwriting symbol font `mathdesignA' in version `bold'
(Font)                  MDA/mdbch/m/n --> MDA/mdbch/b/n on input line 491.
LaTeX Font Info:    Overwriting encoding scheme math defaults on input line 493.
Now handling font encoding MDB ...
... no UTF-8 mapping file for font encoding MDB
\symmathdesignB=\mathgroup11
LaTeX Font Info:    Overwriting symbol font `mathdesignB' in version `bold'
(Font)                  MDB/mdbch/m/n --> MDB/mdbch/b/n on input line 498.
LaTeX Info: Redefining \bold on input line 510.
LaTeX Font Info:    Redeclaring math accent \widetilde on input line 532.
LaTeX Font Info:    Redeclaring math accent \widehat on input line 533.
\rulethickness=\skip119
) (/usr/share/texlive/texmf-dist/tex/latex/base/fontenc.sty
Package: fontenc 2025/07/18 v2.1d Standard LaTeX package
LaTeX Font Info:    Trying to load font information for T1+FiraSans-TLF on input line 116.
 (/usr/share/texlive/texmf-dist/tex/latex/fira/T1FiraSans-TLF.fd
File: T1FiraSans-TLF.fd 2019/10/10 (autoinst) Font definitions for T1/FiraSans-TLF.
)
LaTeX Font Info:    Font shape `T1/FiraSans-TLF/m/n' in size <10.95> not available
(Font)              Font shape `T1/FiraSans-TLF/regular/n' tried instead on input line 116.
LaTeX Font Info:    Font shape `T1/FiraSans-TLF/regular/n' will be
(Font)              scaled to size 9.63605pt on input line 116.
)) (/usr/share/texlive/texmf-dist/tex/latex/xcharter/XCharter.sty
Package: XCharter 2023/07/21 v1.25
 `XCharter' v1.25, 2023/07/21 Text macros for XCharter, an extension of Charter (msharpe) (/usr/share/texlive/texmf-dist/tex/latex/carlisle/scalefnt.sty) (/usr/share/texlive/texmf-dist/tex/latex/base/fontenc.sty
Package: fontenc 2025/07/18 v2.1d Standard LaTeX package
)
LaTeX Font Info:    Setting XCharter-LF sub-encoding to TS1/0 on input line 37.
LaTeX Font Info:    Changing XCharter-TLF sub-encoding to TS1/0 on input line 37.
LaTeX Font Info:    Setting XCharter-OsF sub-encoding to TS1/0 on input line 37.
LaTeX Font Info:    Changing XCharter-TOsF sub-encoding to TS1/0 on input line 37.
\xch@cnt=\count594
LaTeX Info: Redefining \textsu on input line 737.
LaTeX Info: Redefining \textde on input line 740.
LaTeX Info: Redefining \textinf on input line 742.
) (/usr/share/texlive/texmf-dist/tex/latex/xfrac/xfrac.sty
Package: xfrac 2024-06-04 Split-level fractions
\l__xfrac_slash_box=\box125
\l__xfrac_tmp_box=\box126
\l__xfrac_denominator_bot_sep_dim=\dimen412
\l__xfrac_numerator_bot_sep_dim=\dimen413
\l__xfrac_numerator_top_sep_dim=\dimen414
\l__xfrac_slash_left_sep_dim=\dimen415
\l__xfrac_slash_right_sep_dim=\dimen416
\l__xfrac_slash_left_muskip=\muskip23
\l__xfrac_slash_right_muskip=\muskip24

LaTeX template Info: Declaring template type 'xfrac' taking 3 argument(s) on
(template)           line 100.


LaTeX template Info: Declaring instance 'cmr' of type xfrac on line 392.


LaTeX template Info: Declaring instance 'cmss' of type xfrac on line 392.


LaTeX template Info: Declaring instance 'cmtt' of type xfrac on line 392.

) (./Preamble_mweights.tex
LaTeX Info: Redefining \bfseries on input line 35.
LaTeX Info: Redefining \mdseries on input line 43.
LaTeX Info: Redefining \rmfamily on input line 51.
LaTeX Info: Redefining \sffamily on input line 79.
LaTeX Info: Redefining \ttfamily on input line 107.
)) (./Preamble_Sansserif_math.tex
\c@mv@normalup=\count595
\c@mv@boldup=\count596
\c@mv@sans=\count597
LaTeX Font Info:    Overwriting symbol font `operators' in version `sans'
(Font)                  OT1/cmr/m/n --> OT1/mdbch/m/n on input line 33.
LaTeX Font Info:    Overwriting symbol font `letters' in version `sans'
(Font)                  OML/cmm/m/it --> OML/jkpss/m/it on input line 34.
LaTeX Font Info:    Overwriting symbol font `symbols' in version `sans'
(Font)                  OMS/cmsy/m/n --> OMS/jkp/m/n on input line 38.
\symextrasymbols=\mathgroup12
LaTeX Font Info:    Overwriting symbol font `extrasymbols' in version `sans'
(Font)                  OMS/cmbrs/m/n --> OMS/cmbrs/m/n on input line 41.
LaTeX Font Info:    Overwriting math alphabet `\mathit' in version `sans'
(Font)                  OT1/cmr/m/it --> T1/FiraSans-TLF/sl/it on input line 45.
LaTeX Font Info:    Overwriting math alphabet `\mathbf' in version `sans'
(Font)                  OT1/cmr/bx/n --> T1/FiraSans-TLF/sb/n on input line 46.
LaTeX Font Info:    Overwriting math alphabet `\mathtt' in version `sans'
(Font)                  OT1/cmtt/m/n --> OT1/cmtl/m/n on input line 47.
LaTeX Font Info:    Overwriting math alphabet `\mathcal' in version `sans'
(Font)                  > OMS/ntxsy/m/n on input line 48.
LaTeX Font Info:    Overwriting symbol font `largesymbols' in version `sans'
(Font)                  OMX/cmex/m/n --> OMX/mdbch/m/n on input line 52.
\c@mv@sansup=\count598
LaTeX Font Info:    Overwriting symbol font `letters' in version `sansup'
(Font)                  OML/cmm/m/it --> OML/jkpss/m/it on input line 56.
LaTeX Font Info:    Overwriting symbol font `symbols' in version `sansup'
(Font)                  OMS/cmsy/m/n --> OMS/jkp/m/n on input line 57.
\c@mv@boldsans=\count599
LaTeX Font Info:    Overwriting symbol font `operators' in version `boldsans'
(Font)                  OT1/cmr/m/n --> OT1/mdbch/bx/n on input line 62.
LaTeX Font Info:    Overwriting symbol font `letters' in version `boldsans'
(Font)                  OML/cmm/m/it --> OML/jkpss/bx/it on input line 63.
LaTeX Font Info:    Overwriting symbol font `symbols' in version `boldsans'
(Font)                  OMS/cmsy/m/n --> OMS/jkp/bx/n on input line 67.
LaTeX Font Info:    Overwriting math alphabet `\mathit' in version `boldsans'
(Font)                  OT1/cmr/m/it --> T1/FiraSans-TLF/sb/it on input line 70.
LaTeX Font Info:    Overwriting math alphabet `\mathtt' in version `boldsans'
(Font)                  OT1/cmtt/m/n --> T1/cmtl/b/n on input line 71.
LaTeX Font Info:    Overwriting math alphabet `\mathcal' in version `boldsans'
(Font)                  > OMS/ntxsy/b/n on input line 72.
LaTeX Font Info:    Overwriting symbol font `largesymbols' in version `boldsans'
(Font)                  OMX/cmex/m/n --> OMX/mdbch/bx/n on input line 75.
\c@mv@boldsansup=\count600
LaTeX Font Info:    Overwriting symbol font `letters' in version `boldsansup'
(Font)                  OML/cmm/m/it --> OML/jkpss/bx/it on input line 79.
LaTeX Font Info:    Overwriting symbol font `symbols' in version `boldsansup'
(Font)                  OMS/cmsy/m/n --> OMS/jkp/bx/n on input line 80.
LaTeX Font Info:    Overwriting symbol font `operators' in version `boldup'
(Font)                  OT1/cmr/m/n --> OT1/mdbch/b/n on input line 83.
LaTeX Font Info:    Overwriting symbol font `letters' in version `boldup'
(Font)                  OML/cmm/m/it --> OML/mdbch/b/n on input line 84.
LaTeX Font Info:    Overwriting symbol font `lettersupright' in version `boldup'
(Font)                  OML/mdbch/m/n --> OML/mdbch/b/n on input line 85.
LaTeX Font Info:    Overwriting symbol font `symbols' in version `boldup'
(Font)                  OMS/cmsy/m/n --> OMS/mdbch/b/n on input line 86.
LaTeX Font Info:    Overwriting symbol font `largesymbols' in version `boldup'
(Font)                  OMX/cmex/m/n --> OMX/mdbch/b/n on input line 87.
\symuprightglyphs=\mathgroup13
LaTeX Font Info:    Overwriting symbol font `uprightglyphs' in version `normal'
(Font)                  T1/mdbch/m/n --> T1/mdbch/m/n on input line 91.
LaTeX Font Info:    Overwriting symbol font `uprightglyphs' in version `normalup'
(Font)                  T1/mdbch/m/n --> T1/mdbch/m/n on input line 92.
LaTeX Font Info:    Overwriting symbol font `uprightglyphs' in version `bold'
(Font)                  T1/mdbch/m/n --> T1/mdbch/b/n on input line 93.
LaTeX Font Info:    Overwriting symbol font `uprightglyphs' in version `boldup'
(Font)                  T1/mdbch/m/n --> T1/mdbch/b/n on input line 94.
LaTeX Font Info:    Overwriting symbol font `uprightglyphs' in version `sans'
(Font)                  T1/mdbch/m/n --> T1/FiraSans-TLF/sl/n on input line 95.
LaTeX Font Info:    Overwriting symbol font `uprightglyphs' in version `sansup'
(Font)                  T1/mdbch/m/n --> T1/FiraSans-TLF/sl/n on input line 96.
LaTeX Font Info:    Overwriting symbol font `uprightglyphs' in version `boldsans'
(Font)                  T1/mdbch/m/n --> T1/FiraSans-TLF/sb/n on input line 97.
LaTeX Font Info:    Overwriting symbol font `uprightglyphs' in version `boldsansup'
(Font)                  T1/mdbch/m/n --> T1/FiraSans-TLF/sb/n on input line 98.
\symitalicglyphs=\mathgroup14
LaTeX Font Info:    Overwriting symbol font `italicglyphs' in version `normal'
(Font)                  T1/mdbch/m/it --> T1/mdbch/m/it on input line 100.
LaTeX Font Info:    Overwriting symbol font `italicglyphs' in version `normalup'
(Font)                  T1/mdbch/m/it --> T1/mdbch/m/n on input line 101.
LaTeX Font Info:    Overwriting symbol font `italicglyphs' in version `bold'
(Font)                  T1/mdbch/m/it --> T1/mdbch/b/it on input line 102.
LaTeX Font Info:    Overwriting symbol font `italicglyphs' in version `boldup'
(Font)                  T1/mdbch/m/it --> T1/mdbch/b/n on input line 103.
LaTeX Font Info:    Overwriting symbol font `italicglyphs' in version `sans'
(Font)                  T1/mdbch/m/it --> T1/FiraSans-TLF/sl/it on input line 104.
LaTeX Font Info:    Overwriting symbol font `italicglyphs' in version `sansup'
(Font)                  T1/mdbch/m/it --> T1/FiraSans-TLF/sl/n on input line 105.
LaTeX Font Info:    Overwriting symbol font `italicglyphs' in version `boldsans'
(Font)                  T1/mdbch/m/it --> T1/FiraSans-TLF/sb/it on input line 106.
LaTeX Font Info:    Overwriting symbol font `italicglyphs' in version `boldsansup'
(Font)                  T1/mdbch/m/it --> T1/FiraSans-TLF/sb/n on input line 107.
LaTeX Font Info:    Redeclaring math symbol \prime on input line 149.
LaTeX Font Info:    Redeclaring math delimiter \lbrace on input line 155.
LaTeX Font Info:    Redeclaring math delimiter \rbrace on input line 156.
LaTeX Font Info:    Redeclaring math symbol \imath on input line 194.
LaTeX Font Info:    Redeclaring math symbol \jmath on input line 196.
)
\blockOne=\skip120
\blockTwo=\skip121
\blockThree=\skip122
\blockFour=\skip123


Package hyperref Warning: Token not allowed in a PDF string (Unicode):
(hyperref)                removing `\mathsurround' on input line 57.


Package hyperref Warning: Token not allowed in a PDF string (Unicode):
(hyperref)                removing `\z@' on input line 57.


Package hyperref Warning: Token not allowed in a PDF string (Unicode):
(hyperref)                removing `superscript' on input line 57.


Package hyperref Warning: Token not allowed in a PDF string (Unicode):
(hyperref)                \kern 0.75pt
(hyperref)                removed on input line 57.


Package hyperref Warning: Token not allowed in a PDF string (Unicode):
(hyperref)                removing `\leavevmode@ifvmode' on input line 57.


Package hyperref Warning: Token not allowed in a PDF string (Unicode):
(hyperref)                \kern 1.60634pt
(hyperref)                removed on input line 57.


Package hyperref Warning: Token not allowed in a PDF string (Unicode):
(hyperref)                removing `\mathsurround' on input line 57.


Package hyperref Warning: Token not allowed in a PDF string (Unicode):
(hyperref)                removing `\z@' on input line 57.


Package hyperref Warning: Token not allowed in a PDF string (Unicode):
(hyperref)                removing `superscript' on input line 57.


Package hyperref Warning: Token not allowed in a PDF string (Unicode):
(hyperref)                \kern 0.75pt
(hyperref)                removed on input line 57.


Package hyperref Warning: Token not allowed in a PDF string (Unicode):
(hyperref)                removing `\leavevmode@ifvmode' on input line 57.


Package hyperref Warning: Token not allowed in a PDF string (Unicode):
(hyperref)                \kern 1.60634pt
(hyperref)                removed on input line 57.


Package hyperref Warning: Token not allowed in a PDF string (Unicode):
(hyperref)                removing `\mathsurround' on input line 57.


Package hyperref Warning: Token not allowed in a PDF string (Unicode):
(hyperref)                removing `\z@' on input line 57.


Package hyperref Warning: Token not allowed in a PDF string (Unicode):
(hyperref)                removing `superscript' on input line 57.


Package hyperref Warning: Token not allowed in a PDF string (Unicode):
(hyperref)                \kern 0.75pt
(hyperref)                removed on input line 57.


Package biblatex Warning: 'babel/polyglossia' detected but 'csquotes' missing.
(biblatex)                Loading 'csquotes' recommended.

\@quotelevel=\count601
\@quotereset=\count602
LaTeX Info: Redefining \oldstylenums on input line 81.
LaTeX Font Info:    Font shape `T1/FiraSans-TLF/m/n' in size <29.86> not available
(Font)              Font shape `T1/FiraSans-TLF/regular/n' tried instead on input line 81.
LaTeX Font Info:    Font shape `T1/FiraSans-TLF/regular/n' will be
(Font)              scaled to size 26.27693pt on input line 81.
LaTeX Font Info:    Trying to load font information for T1+XCharter-TLF on input line 81.
(/usr/share/texlive/texmf-dist/tex/latex/xcharter/T1XCharter-TLF.fd
File: T1XCharter-TLF.fd 2017/06/25 (autoinst) Font definitions for T1/XCharter-TLF.
)
LaTeX Font Info:    Font shape `T1/XCharter-TLF/m/n' will be
(Font)              scaled to size 28.66579pt on input line 81.
 (./Template_Poster.aux)
\openout1 = `Template_Poster.aux'.

LaTeX Font Info:    Checking defaults for OML/cmm/m/it on input line 81.
LaTeX Font Info:    ... okay on input line 81.
LaTeX Font Info:    Checking defaults for OMS/cmsy/m/n on input line 81.
LaTeX Font Info:    ... okay on input line 81.
LaTeX Font Info:    Checking defaults for OT1/cmr/m/n on input line 81.
LaTeX Font Info:    ... okay on input line 81.
LaTeX Font Info:    Checking defaults for T1/cmr/m/n on input line 81.
LaTeX Font Info:    ... okay on input line 81.
LaTeX Font Info:    Checking defaults for TS1/cmr/m/n on input line 81.
LaTeX Font Info:    ... okay on input line 81.
LaTeX Font Info:    Checking defaults for OMX/cmex/m/n on input line 81.
LaTeX Font Info:    ... okay on input line 81.
LaTeX Font Info:    Checking defaults for U/cmr/m/n on input line 81.
LaTeX Font Info:    ... okay on input line 81.
LaTeX Font Info:    Checking defaults for PD1/pdf/m/n on input line 81.
LaTeX Font Info:    ... okay on input line 81.
LaTeX Font Info:    Checking defaults for PU/pdf/m/n on input line 81.
LaTeX Font Info:    ... okay on input line 81.
LaTeX Font Info:    Checking defaults for LGR/cmr/m/n on input line 81.
LaTeX Font Info:    Trying to load font information for LGR+cmr on input line 81.
 (/usr/share/texlive/texmf-dist/tex/latex/cbfonts-fd/lgrcmr.fd
File: lgrcmr.fd 2017/07/29 v1.2 Greek European Computer Regular
)
LaTeX Font Info:    ... okay on input line 81.
LaTeX Font Info:    Checking defaults for MDA/cmr/m/n on input line 81.
LaTeX Font Info:    Trying to load font information for MDA+cmr on input line 81.
 (/usr/share/texlive/texmf-dist/tex/latex/mathdesign/mdacmr.fd
File: mdacmr.fd 
)
LaTeX Font Info:    ... okay on input line 81.
LaTeX Font Info:    Checking defaults for MDB/cmr/m/n on input line 81.
LaTeX Font Info:    Trying to load font information for MDB+cmr on input line 81.
 (/usr/share/texlive/texmf-dist/tex/latex/mathdesign/mdbcmr.fd
File: mdbcmr.fd 
)
LaTeX Font Info:    ... okay on input line 81.

*geometry* driver: auto-detecting
*geometry* detected driver: pdftex
*geometry* verbose mode - [ preamble ] result:
* driver: pdftex
* paper: custom
* layout: <same size as paper>
* layoutoffset:(h,v)=(0.0pt,0.0pt)
* modes: includehead includefoot 
* h-part:(L,W,R)=(115.23366pt, 2162.40962pt, 115.23366pt)
* v-part:(T,H,B)=(0.0pt, 3383.0325pt, 0.0pt)
* \paperwidth=2392.87694pt
* \paperheight=3383.0325pt
* \textwidth=2162.40962pt
* \textheight=3186.7085pt
* \oddsidemargin=42.96367pt
* \evensidemargin=42.96367pt
* \topmargin=98.162pt
* \headheight=14.22636pt
* \headsep=0.0pt
* \topskip=11.0pt
* \footskip=14.22636pt
* \marginparwidth=4.0pt
* \marginparsep=10.0pt
* \columnsep=10.0pt
* \skip\footins=10.0pt plus 4.0pt minus 2.0pt
* \hoffset=0.0pt
* \voffset=0.0pt
* \mag=1000
* \@twocolumnfalse
* \@twosidefalse
* \@mparswitchfalse
* \@reversemarginfalse
* (1in=72.27pt=25.4mm, 1cm=28.453pt)

(/usr/share/texlive/texmf-dist/tex/context/base/mkii/supp-pdf.mkii
[Loading MPS to PDF converter (version 2006.09.02).]
\scratchcounter=\count603
\scratchdimen=\dimen417
\scratchbox=\box127
\nofMPsegments=\count604
\nofMParguments=\count605
\everyMPshowfont=\toks57
\MPscratchCnt=\count606
\MPscratchDim=\dimen418
\MPnumerator=\count607
\makeMPintoPDFobject=\count608
\everyMPtoPDFconversion=\toks58
) (/usr/share/texlive/texmf-dist/tex/latex/epstopdf-pkg/epstopdf-base.sty
Package: epstopdf-base 2020-01-24 v2.11 Base part for package epstopdf
 (/usr/share/texlive/texmf-dist/tex/latex/grfext/grfext.sty
Package: grfext 2019/12/03 v1.3 Manage graphics extensions (HO)
)
Package epstopdf-base Info: Redefining graphics rule for `.eps' on input line 485.
Package grfext Info: Graphics extension search list:
(grfext)             [.pdf,.png,.jpg,.mps,.jpeg,.jbig2,.jb2,.PDF,.PNG,.JPG,.JPEG,.JBIG2,.JB2,.eps]
(grfext)             \AppendGraphicsExtensions on input line 504.
 (/usr/share/texlive/texmf-dist/tex/latex/latexconfig/epstopdf-sys.cfg
File: epstopdf-sys.cfg 2010/07/13 v1.3 Configuration of (r)epstopdf for TeX Live
))
Package hyperref Info: Link coloring ON on input line 81.
 (./Template_Poster.out) (./Template_Poster.out)
\@outlinefile=\write6
\openout6 = `Template_Poster.out'.

 (/usr/share/texlive/texmf-dist/tex/latex/translator/translator-basic-dictionary-English.dict
Dictionary: translator-basic-dictionary, Language: English 
) (/usr/share/texlive/texmf-dist/tex/latex/translator/translator-bibliography-dictionary-English.dict
Dictionary: translator-bibliography-dictionary, Language: English 
) (/usr/share/texlive/texmf-dist/tex/latex/translator/translator-environment-dictionary-English.dict
Dictionary: translator-environment-dictionary, Language: English 
) (/usr/share/texlive/texmf-dist/tex/latex/translator/translator-months-dictionary-English.dict
Dictionary: translator-months-dictionary, Language: English 
) (/usr/share/texlive/texmf-dist/tex/latex/translator/translator-numbers-dictionary-English.dict
Dictionary: translator-numbers-dictionary, Language: English 
) (/usr/share/texlive/texmf-dist/tex/latex/translator/translator-theorem-dictionary-English.dict
Dictionary: translator-theorem-dictionary, Language: English 
)
LaTeX Info: Redefining \microtypecontext on input line 81.
Package microtype Info: Applying patch `item' on input line 81.
Package microtype Info: Applying patch `toc' on input line 81.
Package microtype Info: Applying patch `eqnum' on input line 81.
Package microtype Info: Applying patch `footnote' on input line 81.
Package microtype Info: Applying patch `verbatim' on input line 81.
LaTeX Info: Redefining \microtypesetup on input line 81.
Package microtype Info: Generating PDF output.
Package microtype Info: Character protrusion enabled (level 2).
Package microtype Info: Using default protrusion set `alltext'.
Package microtype Info: No font expansion.
Package microtype Info: No adjustment of tracking.
Package microtype Info: No adjustment of interword spacing.
Package microtype Info: Adjustment of character kerning enabled.
Package microtype Info: Using default kerning set `alltext'.
 (/usr/share/texlive/texmf-dist/tex/latex/microtype/mt-bch.cfg
File: mt-bch.cfg 2007/03/03 v1.5 microtype config. file: Bitstream Charter (RS)
) (/usr/share/texlive/texmf-dist/tex/latex/translations/translations-basic-dictionary-english.trsl
File: translations-basic-dictionary-english.trsl (english translation file `translations-basic-dictionary')
) (/usr/share/texlive/texmf-dist/tex/latex/translations/translations-basic-dictionary-german.trsl
File: translations-basic-dictionary-german.trsl (german translation file `translations-basic-dictionary')
)
Package translations Info: loading dictionary `translations-basic-dictionary' for `german'. on input line 81.
Package biblatex Info: Trying to load language 'USenglish'...
Package biblatex Info: ... file 'USenglish.lbx' found.
 (/usr/share/texlive/texmf-dist/tex/latex/biblatex/lbx/USenglish.lbx
File: USenglish.lbx 2025/07/10 v3.21 biblatex localization (PK/MW)
Package biblatex Info: Trying to load language 'american' -> 'cms-american'...
Package biblatex Info: ... file 'cms-american.lbx' found.
 (/usr/share/texlive/texmf-dist/tex/latex/biblatex-chicago/cms-american.lbx
File: cms-american.lbx 2022/07/02 v 3.18 biblatex localization
Package biblatex Info: Trying to load language 'american'...
Package biblatex Info: ... file 'american.lbx' found.
 (/usr/share/texlive/texmf-dist/tex/latex/biblatex/lbx/american.lbx
File: american.lbx 2025/07/10 v3.21 biblatex localization (PK/MW)
Package biblatex Info: Trying to load language 'english'...
Package biblatex Info: ... file 'english.lbx' found.
 (/usr/share/texlive/texmf-dist/tex/latex/biblatex/lbx/english.lbx
File: english.lbx 2025/07/10 v3.21 biblatex localization (PK/MW)
)))
Package biblatex Info: Trying to load language 'american' -> 'cms-american'...
Package biblatex Info: ... file 'cms-american.lbx' found.
 (/usr/share/texlive/texmf-dist/tex/latex/biblatex-chicago/cms-american.lbx
File: cms-american.lbx 2022/07/02 v 3.18 biblatex localization
Package biblatex Info: Trying to load language 'english'...
Package biblatex Info: ... file 'english.lbx' found.
 (/usr/share/texlive/texmf-dist/tex/latex/biblatex/lbx/english.lbx
File: english.lbx 2025/07/10 v3.21 biblatex localization (PK/MW)
)))
Package biblatex Info: Trying to load language 'american' -> 'cms-american'...
Package biblatex Info: ... file 'cms-american.lbx' found.
 (/usr/share/texlive/texmf-dist/tex/latex/biblatex-chicago/cms-american.lbx
File: cms-american.lbx 2022/07/02 v 3.18 biblatex localization
Package biblatex Info: Trying to load language 'american'...
Package biblatex Info: ... file 'american.lbx' found.
 (/usr/share/texlive/texmf-dist/tex/latex/biblatex/lbx/american.lbx
File: american.lbx 2025/07/10 v3.21 biblatex localization (PK/MW)
Package biblatex Info: Trying to load language 'english'...
Package biblatex Info: ... file 'english.lbx' found.
 (/usr/share/texlive/texmf-dist/tex/latex/biblatex/lbx/english.lbx
File: english.lbx 2025/07/10 v3.21 biblatex localization (PK/MW)
))
Package biblatex Info: Trying to load language 'english'...
Package biblatex Info: ... file 'english.lbx' found.
 (/usr/share/texlive/texmf-dist/tex/latex/biblatex/lbx/english.lbx
File: english.lbx 2025/07/10 v3.21 biblatex localization (PK/MW)
))
Package biblatex Info: Trying to load language 'ngerman' -> 'cms-ngerman'...
Package biblatex Info: ... file 'cms-ngerman.lbx' found.
 (/usr/share/texlive/texmf-dist/tex/latex/biblatex-chicago/cms-ngerman.lbx
File: cms-ngerman.lbx 2022/07/02 v 3.18 biblatex localization
Package biblatex Info: Trying to load language 'ngerman'...
Package biblatex Info: ... file 'ngerman.lbx' found.
 (/usr/share/texlive/texmf-dist/tex/latex/biblatex/lbx/ngerman.lbx
File: ngerman.lbx 2025/07/10 v3.21 biblatex localization (PK/MW)
Package biblatex Info: Trying to load language 'german' -> 'cms-german'...
Package biblatex Info: ... file 'cms-german.lbx' found.
 (/usr/share/texlive/texmf-dist/tex/latex/biblatex-chicago/cms-german.lbx
File: cms-german.lbx 2022/07/02 v 3.18 biblatex localization
Package biblatex Info: Trying to load language 'german'...
Package biblatex Info: ... file 'german.lbx' found.
 (/usr/share/texlive/texmf-dist/tex/latex/biblatex/lbx/german.lbx
File: german.lbx 2025/07/10 v3.21 biblatex localization (PK/MW)
)))
Package biblatex Info: Trying to load language 'ngerman'...
Package biblatex Info: ... file 'ngerman.lbx' found.
 (/usr/share/texlive/texmf-dist/tex/latex/biblatex/lbx/ngerman.lbx
File: ngerman.lbx 2025/07/10 v3.21 biblatex localization (PK/MW)
Package biblatex Info: Trying to load language 'german' -> 'cms-german'...
Package biblatex Info: ... file 'cms-german.lbx' found.
 (/usr/share/texlive/texmf-dist/tex/latex/biblatex-chicago/cms-german.lbx
File: cms-german.lbx 2022/07/02 v 3.18 biblatex localization
Package biblatex Info: Trying to load language 'german'...
Package biblatex Info: ... file 'german.lbx' found.
 (/usr/share/texlive/texmf-dist/tex/latex/biblatex/lbx/german.lbx
File: german.lbx 2025/07/10 v3.21 biblatex localization (PK/MW)
))))
Package biblatex Info: Input encoding 'utf8' detected.
Package biblatex Info: Automatic encoding selection.
(biblatex)             Assuming data encoding 'utf8'.
\openout5 = `Template_Poster.bcf'.

Package biblatex Info: Trying to load bibliographic data...
Package biblatex Info: ... file 'Template_Poster.bbl' found.
 (./Template_Poster.bbl)
Package biblatex Info: Reference section=0 on input line 81.
Package biblatex Info: Reference segment=0 on input line 81.
\c@mv@tabular=\count609
\c@mv@boldtabular=\count610


Package mathdesign/mdbch Warning: Package 'amssymb' shouldn't be used in conjonction with package mdbch, on input line 81.


Package mathdesign/mdbch Warning: Package 'amsfonts' shouldn't be used in conjonction with package mdbch, on input line 81.

LaTeX Font Info:    Font shape `T1/XCharter-TLF/m/n' will be
(Font)              scaled to size 71.32849pt on input line 81.
LaTeX Font Info:    Font shape `T1/XCharter-TLF/b/n' will be
(Font)              scaled to size 71.32849pt on input line 81.
LaTeX Font Info:    Font shape `T1/FiraSans-TLF/sb/n' in size <74.3> not available
(Font)              Font shape `T1/FiraSans-TLF/semibold/n' tried instead on input line 81.
LaTeX Font Info:    Font shape `T1/FiraSans-TLF/semibold/n' will be
(Font)              scaled to size 65.38435pt on input line 81.
Package microtype Info: Loading generic protrusion settings for font family
(microtype)             `FiraSans-TLF' (encoding: T1).
(microtype)             For optimal results, create family-specific settings.
(microtype)             See the microtype manual for details.
LaTeX Font Info:    Calculating math sizes for size <74.3> on input line 81.
LaTeX Font Info:    Trying to load font information for OT1+mdbch on input line 81.
(/usr/share/texlive/texmf-dist/tex/latex/mathdesign/mdbch/ot1mdbch.fd
File: ot1mdbch.fd 2013/08/29 Fontinst v1.933 font definitions for OT1/mdbch.
)
LaTeX Font Info:    Font shape `OT1/mdbch/b/n' will be
(Font)              scaled to size 71.32849pt on input line 81.
LaTeX Font Info:    Font shape `OT1/mdbch/b/n' will be
(Font)              scaled to size 49.92972pt on input line 81.
LaTeX Font Info:    Font shape `OT1/mdbch/b/n' will be
(Font)              scaled to size 35.66423pt on input line 81.
LaTeX Font Info:    Trying to load font information for OML+mdbch on input line 81.
 (/usr/share/texlive/texmf-dist/tex/latex/mathdesign/mdbch/omlmdbch.fd
File: omlmdbch.fd 2013/08/29 Fontinst v1.933 font definitions for OML/mdbch.
)
LaTeX Font Info:    Font shape `OML/mdbch/b/it' will be
(Font)              scaled to size 71.32849pt on input line 81.
LaTeX Font Info:    Font shape `OML/mdbch/b/it' will be
(Font)              scaled to size 49.92972pt on input line 81.
LaTeX Font Info:    Font shape `OML/mdbch/b/it' will be
(Font)              scaled to size 35.66423pt on input line 81.
LaTeX Font Info:    Trying to load font information for OMS+mdbch on input line 81.
 (/usr/share/texlive/texmf-dist/tex/latex/mathdesign/mdbch/omsmdbch.fd
File: omsmdbch.fd 2013/08/29 Fontinst v1.933 font definitions for OMS/mdbch.
)
LaTeX Font Info:    Font shape `OMS/mdbch/b/n' will be
(Font)              scaled to size 71.32849pt on input line 81.
LaTeX Font Info:    Font shape `OMS/mdbch/b/n' will be
(Font)              scaled to size 49.92972pt on input line 81.
LaTeX Font Info:    Font shape `OMS/mdbch/b/n' will be
(Font)              scaled to size 35.66423pt on input line 81.
LaTeX Font Info:    Trying to load font information for OMX+mdbch on input line 81.
 (/usr/share/texlive/texmf-dist/tex/latex/mathdesign/mdbch/omxmdbch.fd
File: omxmdbch.fd 2013/08/29 Fontinst v1.933 font definitions for OMX/mdbch.
)
LaTeX Font Info:    Font shape `OMX/mdbch/b/n' will be
(Font)              scaled to size 71.32849pt on input line 81.
LaTeX Font Info:    Font shape `OMX/mdbch/b/n' will be
(Font)              scaled to size 49.92972pt on input line 81.
LaTeX Font Info:    Font shape `OMX/mdbch/b/n' will be
(Font)              scaled to size 35.66423pt on input line 81.
 (/usr/share/texlive/texmf-dist/tex/latex/microtype/mt-msa.cfg
File: mt-msa.cfg 2006/02/04 v1.1 microtype config. file: AMS symbols (a) (RS)
) (/usr/share/texlive/texmf-dist/tex/latex/microtype/mt-msb.cfg
File: mt-msb.cfg 2005/06/01 v1.0 microtype config. file: AMS symbols (b) (RS)
)
LaTeX Font Info:    Trying to load font information for OT1+mathkerncmss on input line 81.
 (/usr/share/texlive/texmf-dist/tex/latex/sansmathaccent/ot1mathkerncmss.fd
File: ot1mathkerncmss.fd 2020/01/31 Fontinst v1.933 font definitions for OT1/mathkerncmss.
)
Package microtype Info: Loading generic protrusion settings for font family
(microtype)             `mathkerncmss' (encoding: OT1).
(microtype)             For optimal results, create family-specific settings.
(microtype)             See the microtype manual for details.
LaTeX Font Info:    Font shape `OML/mdbch/b/n' will be
(Font)              scaled to size 71.32849pt on input line 81.
LaTeX Font Info:    Font shape `OML/mdbch/b/n' will be
(Font)              scaled to size 49.92972pt on input line 81.
LaTeX Font Info:    Font shape `OML/mdbch/b/n' will be
(Font)              scaled to size 35.66423pt on input line 81.
LaTeX Font Info:    Trying to load font information for MDA+mdbch on input line 81.
 (/usr/share/texlive/texmf-dist/tex/latex/mathdesign/mdbch/mdamdbch.fd
File: mdamdbch.fd 2013/08/29 Fontinst v1.933 font definitions for MDA/mdbch.
)
LaTeX Font Info:    Font shape `MDA/mdbch/b/n' will be
(Font)              scaled to size 71.32849pt on input line 81.
LaTeX Font Info:    Font shape `MDA/mdbch/b/n' will be
(Font)              scaled to size 49.92972pt on input line 81.
LaTeX Font Info:    Font shape `MDA/mdbch/b/n' will be
(Font)              scaled to size 35.66423pt on input line 81.
LaTeX Font Info:    Trying to load font information for MDB+mdbch on input line 81.
 (/usr/share/texlive/texmf-dist/tex/latex/mathdesign/mdbch/mdbmdbch.fd
File: mdbmdbch.fd 2013/08/29 Fontinst v1.933 font definitions for MDB/mdbch.
)
LaTeX Font Info:    Font shape `MDB/mdbch/b/n' will be
(Font)              scaled to size 71.32849pt on input line 81.
LaTeX Font Info:    Font shape `MDB/mdbch/b/n' will be
(Font)              scaled to size 49.92972pt on input line 81.
LaTeX Font Info:    Font shape `MDB/mdbch/b/n' will be
(Font)              scaled to size 35.66423pt on input line 81.
LaTeX Font Info:    Trying to load font information for OMS+cmbrs on input line 81.
 (/usr/share/texlive/texmf-dist/tex/latex/cmbright/omscmbrs.fd
File: omscmbrs.fd 2005/04/13 v8.1 (WaS)
)
LaTeX Font Info:    Font shape `T1/mdbch/b/n' will be
(Font)              scaled to size 71.32849pt on input line 81.
LaTeX Font Info:    Font shape `T1/mdbch/b/n' will be
(Font)              scaled to size 49.92972pt on input line 81.
LaTeX Font Info:    Font shape `T1/mdbch/b/n' will be
(Font)              scaled to size 35.66423pt on input line 81.
LaTeX Font Info:    Font shape `T1/mdbch/b/it' will be
(Font)              scaled to size 71.32849pt on input line 81.
LaTeX Font Info:    Font shape `T1/mdbch/b/it' will be
(Font)              scaled to size 49.92972pt on input line 81.
LaTeX Font Info:    Font shape `T1/mdbch/b/it' will be
(Font)              scaled to size 35.66423pt on input line 81.
LaTeX Font Info:    Font shape `OT1/mdbch/m/n' will be
(Font)              scaled to size 71.32849pt on input line 81.
LaTeX Font Info:    Font shape `OT1/mdbch/m/n' will be
(Font)              scaled to size 49.92972pt on input line 81.
LaTeX Font Info:    Font shape `OT1/mdbch/m/n' will be
(Font)              scaled to size 35.66423pt on input line 81.
LaTeX Font Info:    Font shape `OML/mdbch/m/it' will be
(Font)              scaled to size 71.32849pt on input line 81.
LaTeX Font Info:    Font shape `OML/mdbch/m/it' will be
(Font)              scaled to size 49.92972pt on input line 81.
LaTeX Font Info:    Font shape `OML/mdbch/m/it' will be
(Font)              scaled to size 35.66423pt on input line 81.
LaTeX Font Info:    Font shape `OMS/mdbch/m/n' will be
(Font)              scaled to size 71.32849pt on input line 81.
LaTeX Font Info:    Font shape `OMS/mdbch/m/n' will be
(Font)              scaled to size 49.92972pt on input line 81.
LaTeX Font Info:    Font shape `OMS/mdbch/m/n' will be
(Font)              scaled to size 35.66423pt on input line 81.
LaTeX Font Info:    Font shape `OMX/mdbch/m/n' will be
(Font)              scaled to size 71.32849pt on input line 81.
LaTeX Font Info:    Font shape `OMX/mdbch/m/n' will be
(Font)              scaled to size 49.92972pt on input line 81.
LaTeX Font Info:    Font shape `OMX/mdbch/m/n' will be
(Font)              scaled to size 35.66423pt on input line 81.
LaTeX Font Info:    Font shape `OML/mdbch/m/n' will be
(Font)              scaled to size 71.32849pt on input line 81.
LaTeX Font Info:    Font shape `OML/mdbch/m/n' will be
(Font)              scaled to size 49.92972pt on input line 81.
LaTeX Font Info:    Font shape `OML/mdbch/m/n' will be
(Font)              scaled to size 35.66423pt on input line 81.
LaTeX Font Info:    Font shape `MDA/mdbch/m/n' will be
(Font)              scaled to size 71.32849pt on input line 81.
LaTeX Font Info:    Font shape `MDA/mdbch/m/n' will be
(Font)              scaled to size 49.92972pt on input line 81.
LaTeX Font Info:    Font shape `MDA/mdbch/m/n' will be
(Font)              scaled to size 35.66423pt on input line 81.
LaTeX Font Info:    Font shape `MDB/mdbch/m/n' will be
(Font)              scaled to size 71.32849pt on input line 81.
LaTeX Font Info:    Font shape `MDB/mdbch/m/n' will be
(Font)              scaled to size 49.92972pt on input line 81.
LaTeX Font Info:    Font shape `MDB/mdbch/m/n' will be
(Font)              scaled to size 35.66423pt on input line 81.
LaTeX Font Info:    Font shape `T1/mdbch/m/n' will be
(Font)              scaled to size 71.32849pt on input line 81.
LaTeX Font Info:    Font shape `T1/mdbch/m/n' will be
(Font)              scaled to size 49.92972pt on input line 81.
LaTeX Font Info:    Font shape `T1/mdbch/m/n' will be
(Font)              scaled to size 35.66423pt on input line 81.
LaTeX Font Info:    Font shape `T1/mdbch/m/it' will be
(Font)              scaled to size 71.32849pt on input line 81.
LaTeX Font Info:    Font shape `T1/mdbch/m/it' will be
(Font)              scaled to size 49.92972pt on input line 81.
LaTeX Font Info:    Font shape `T1/mdbch/m/it' will be
(Font)              scaled to size 35.66423pt on input line 81.
LaTeX Font Info:    Font shape `T1/XCharter-TLF/m/n' will be
(Font)              scaled to size 41.28029pt on input line 81.
LaTeX Font Info:    Font shape `T1/FiraSans-TLF/sl/n' in size <43> not available
(Font)              Font shape `T1/FiraSans-TLF/book/n' tried instead on input line 81.
LaTeX Font Info:    Font shape `T1/FiraSans-TLF/book/n' will be
(Font)              scaled to size 37.84021pt on input line 81.
LaTeX Font Info:    Calculating math sizes for size <43> on input line 81.
LaTeX Font Info:    Font shape `OT1/mdbch/m/n' will be
(Font)              scaled to size 41.28029pt on input line 81.
LaTeX Font Info:    Font shape `OT1/mdbch/m/n' will be
(Font)              scaled to size 28.89607pt on input line 81.
LaTeX Font Info:    Font shape `OT1/mdbch/m/n' will be
(Font)              scaled to size 20.64014pt on input line 81.
LaTeX Font Info:    Trying to load font information for OML+jkpss on input line 81.
 (/usr/share/texlive/texmf-dist/tex/latex/kpfonts/omljkpss.fd
File: omljkpss.fd 2006/08/15 v1.0
)
LaTeX Font Info:    Trying to load font information for OMS+jkp on input line 81.
 (/usr/share/texlive/texmf-dist/tex/latex/kpfonts/omsjkp.fd
File: omsjkp.fd 2006/08/15 v1.0
)
LaTeX Font Info:    Font shape `OMX/mdbch/m/n' will be
(Font)              scaled to size 41.28029pt on input line 81.
LaTeX Font Info:    Font shape `OMX/mdbch/m/n' will be
(Font)              scaled to size 28.89607pt on input line 81.
LaTeX Font Info:    Font shape `OMX/mdbch/m/n' will be
(Font)              scaled to size 20.64014pt on input line 81.
LaTeX Font Info:    Font shape `OMS/mdbch/m/n' will be
(Font)              scaled to size 41.28029pt on input line 81.
LaTeX Font Info:    Font shape `OMS/mdbch/m/n' will be
(Font)              scaled to size 28.89607pt on input line 81.
LaTeX Font Info:    Font shape `OMS/mdbch/m/n' will be
(Font)              scaled to size 20.64014pt on input line 81.
LaTeX Font Info:    Font shape `OML/mdbch/m/n' will be
(Font)              scaled to size 41.28029pt on input line 81.
LaTeX Font Info:    Font shape `OML/mdbch/m/n' will be
(Font)              scaled to size 28.89607pt on input line 81.
LaTeX Font Info:    Font shape `OML/mdbch/m/n' will be
(Font)              scaled to size 20.64014pt on input line 81.
LaTeX Font Info:    Font shape `MDA/mdbch/m/n' will be
(Font)              scaled to size 41.28029pt on input line 81.
LaTeX Font Info:    Font shape `MDA/mdbch/m/n' will be
(Font)              scaled to size 28.89607pt on input line 81.
LaTeX Font Info:    Font shape `MDA/mdbch/m/n' will be
(Font)              scaled to size 20.64014pt on input line 81.
LaTeX Font Info:    Font shape `MDB/mdbch/m/n' will be
(Font)              scaled to size 41.28029pt on input line 81.
LaTeX Font Info:    Font shape `MDB/mdbch/m/n' will be
(Font)              scaled to size 28.89607pt on input line 81.
LaTeX Font Info:    Font shape `MDB/mdbch/m/n' will be
(Font)              scaled to size 20.64014pt on input line 81.
LaTeX Font Info:    Font shape `T1/FiraSans-TLF/sl/n' in size <30.09987> not available
(Font)              Font shape `T1/FiraSans-TLF/book/n' tried instead on input line 81.
LaTeX Font Info:    Font shape `T1/FiraSans-TLF/book/n' will be
(Font)              scaled to size 26.48802pt on input line 81.
LaTeX Font Info:    Font shape `T1/FiraSans-TLF/sl/n' in size <21.5> not available
(Font)              Font shape `T1/FiraSans-TLF/book/n' tried instead on input line 81.
LaTeX Font Info:    Font shape `T1/FiraSans-TLF/book/n' will be
(Font)              scaled to size 18.9201pt on input line 81.
LaTeX Font Info:    Font shape `T1/FiraSans-TLF/sl/it' in size <43> not available
(Font)              Font shape `T1/FiraSans-TLF/book/it' tried instead on input line 81.
LaTeX Font Info:    Font shape `T1/FiraSans-TLF/book/it' will be
(Font)              scaled to size 37.84021pt on input line 81.
LaTeX Font Info:    Font shape `T1/FiraSans-TLF/sl/it' in size <30.09987> not available
(Font)              Font shape `T1/FiraSans-TLF/book/it' tried instead on input line 81.
LaTeX Font Info:    Font shape `T1/FiraSans-TLF/book/it' will be
(Font)              scaled to size 26.48802pt on input line 81.
LaTeX Font Info:    Font shape `T1/FiraSans-TLF/sl/it' in size <21.5> not available
(Font)              Font shape `T1/FiraSans-TLF/book/it' tried instead on input line 81.
LaTeX Font Info:    Font shape `T1/FiraSans-TLF/book/it' will be
(Font)              scaled to size 18.9201pt on input line 81.
LaTeX Font Info:    Font shape `T1/FiraSans-TLF/sb/n' in size <43> not available
(Font)              Font shape `T1/FiraSans-TLF/semibold/n' tried instead on input line 81.
LaTeX Font Info:    Font shape `T1/FiraSans-TLF/semibold/n' will be
(Font)              scaled to size 37.84021pt on input line 81.
LaTeX Font Info:    Font shape `OML/mdbch/m/it' will be
(Font)              scaled to size 41.28029pt on input line 81.
LaTeX Font Info:    Font shape `OML/mdbch/m/it' will be
(Font)              scaled to size 28.89607pt on input line 81.
LaTeX Font Info:    Font shape `OML/mdbch/m/it' will be
(Font)              scaled to size 20.64014pt on input line 81.
LaTeX Font Info:    Font shape `T1/mdbch/m/n' will be
(Font)              scaled to size 41.28029pt on input line 81.
LaTeX Font Info:    Font shape `T1/mdbch/m/n' will be
(Font)              scaled to size 28.89607pt on input line 81.
LaTeX Font Info:    Font shape `T1/mdbch/m/n' will be
(Font)              scaled to size 20.64014pt on input line 81.
LaTeX Font Info:    Font shape `T1/mdbch/m/it' will be
(Font)              scaled to size 41.28029pt on input line 81.
LaTeX Font Info:    Font shape `T1/mdbch/m/it' will be
(Font)              scaled to size 28.89607pt on input line 81.
LaTeX Font Info:    Font shape `T1/mdbch/m/it' will be
(Font)              scaled to size 20.64014pt on input line 81.
LaTeX Font Info:    Font shape `T1/XCharter-TLF/m/n' will be
(Font)              scaled to size 34.39703pt on input line 81.
LaTeX Font Info:    Font shape `T1/FiraSans-TLF/sl/n' in size <35.83> not available
(Font)              Font shape `T1/FiraSans-TLF/book/n' tried instead on input line 81.
LaTeX Font Info:    Font shape `T1/FiraSans-TLF/book/n' will be
(Font)              scaled to size 31.53056pt on input line 81.
LaTeX Font Info:    Calculating math sizes for size <35.83> on input line 81.
LaTeX Font Info:    Font shape `OT1/mdbch/m/n' will be
(Font)              scaled to size 34.39703pt on input line 81.
LaTeX Font Info:    Font shape `OT1/mdbch/m/n' will be
(Font)              scaled to size 24.0778pt on input line 81.
LaTeX Font Info:    Font shape `OT1/mdbch/m/n' will be
(Font)              scaled to size 17.1985pt on input line 81.
LaTeX Font Info:    Font shape `OMX/mdbch/m/n' will be
(Font)              scaled to size 34.39703pt on input line 81.
LaTeX Font Info:    Font shape `OMX/mdbch/m/n' will be
(Font)              scaled to size 24.0778pt on input line 81.
LaTeX Font Info:    Font shape `OMX/mdbch/m/n' will be
(Font)              scaled to size 17.1985pt on input line 81.
LaTeX Font Info:    Font shape `OMS/mdbch/m/n' will be
(Font)              scaled to size 34.39703pt on input line 81.
LaTeX Font Info:    Font shape `OMS/mdbch/m/n' will be
(Font)              scaled to size 24.0778pt on input line 81.
LaTeX Font Info:    Font shape `OMS/mdbch/m/n' will be
(Font)              scaled to size 17.1985pt on input line 81.
LaTeX Font Info:    Font shape `OML/mdbch/m/n' will be
(Font)              scaled to size 34.39703pt on input line 81.
LaTeX Font Info:    Font shape `OML/mdbch/m/n' will be
(Font)              scaled to size 24.0778pt on input line 81.
LaTeX Font Info:    Font shape `OML/mdbch/m/n' will be
(Font)              scaled to size 17.1985pt on input line 81.
LaTeX Font Info:    Font shape `MDA/mdbch/m/n' will be
(Font)              scaled to size 34.39703pt on input line 81.
LaTeX Font Info:    Font shape `MDA/mdbch/m/n' will be
(Font)              scaled to size 24.0778pt on input line 81.
LaTeX Font Info:    Font shape `MDA/mdbch/m/n' will be
(Font)              scaled to size 17.1985pt on input line 81.
LaTeX Font Info:    Font shape `MDB/mdbch/m/n' will be
(Font)              scaled to size 34.39703pt on input line 81.
LaTeX Font Info:    Font shape `MDB/mdbch/m/n' will be
(Font)              scaled to size 24.0778pt on input line 81.
LaTeX Font Info:    Font shape `MDB/mdbch/m/n' will be
(Font)              scaled to size 17.1985pt on input line 81.
LaTeX Font Info:    Font shape `T1/FiraSans-TLF/sl/n' in size <25.08089> not available
(Font)              Font shape `T1/FiraSans-TLF/book/n' tried instead on input line 81.
LaTeX Font Info:    Font shape `T1/FiraSans-TLF/book/n' will be
(Font)              scaled to size 22.07129pt on input line 81.
LaTeX Font Info:    Font shape `T1/FiraSans-TLF/sl/n' in size <17.915> not available
(Font)              Font shape `T1/FiraSans-TLF/book/n' tried instead on input line 81.
LaTeX Font Info:    Font shape `T1/FiraSans-TLF/book/n' will be
(Font)              scaled to size 15.76527pt on input line 81.
LaTeX Font Info:    Font shape `T1/FiraSans-TLF/sl/it' in size <35.83> not available
(Font)              Font shape `T1/FiraSans-TLF/book/it' tried instead on input line 81.
LaTeX Font Info:    Font shape `T1/FiraSans-TLF/book/it' will be
(Font)              scaled to size 31.53056pt on input line 81.
LaTeX Font Info:    Font shape `T1/FiraSans-TLF/sl/it' in size <25.08089> not available
(Font)              Font shape `T1/FiraSans-TLF/book/it' tried instead on input line 81.
LaTeX Font Info:    Font shape `T1/FiraSans-TLF/book/it' will be
(Font)              scaled to size 22.07129pt on input line 81.
LaTeX Font Info:    Font shape `T1/FiraSans-TLF/sl/it' in size <17.915> not available
(Font)              Font shape `T1/FiraSans-TLF/book/it' tried instead on input line 81.
LaTeX Font Info:    Font shape `T1/FiraSans-TLF/book/it' will be
(Font)              scaled to size 15.76527pt on input line 81.
LaTeX Font Info:    Font shape `OML/mdbch/m/it' will be
(Font)              scaled to size 34.39703pt on input line 81.
LaTeX Font Info:    Font shape `OML/mdbch/m/it' will be
(Font)              scaled to size 24.0778pt on input line 81.
LaTeX Font Info:    Font shape `OML/mdbch/m/it' will be
(Font)              scaled to size 17.1985pt on input line 81.
LaTeX Font Info:    Font shape `T1/mdbch/m/n' will be
(Font)              scaled to size 34.39703pt on input line 81.
LaTeX Font Info:    Font shape `T1/mdbch/m/n' will be
(Font)              scaled to size 24.0778pt on input line 81.
LaTeX Font Info:    Font shape `T1/mdbch/m/n' will be
(Font)              scaled to size 17.1985pt on input line 81.
LaTeX Font Info:    Font shape `T1/mdbch/m/it' will be
(Font)              scaled to size 34.39703pt on input line 81.
LaTeX Font Info:    Font shape `T1/mdbch/m/it' will be
(Font)              scaled to size 24.0778pt on input line 81.
LaTeX Font Info:    Font shape `T1/mdbch/m/it' will be
(Font)              scaled to size 17.1985pt on input line 81.
 (./Template_Poster.nav)
LaTeX Font Info:    Font shape `T1/XCharter-TLF/m/n' will be
(Font)              scaled to size 13.82408pt on input line 81.
LaTeX Font Info:    Font shape `T1/XCharter-TLF/b/n' will be
(Font)              scaled to size 28.66579pt on input line 459.
LaTeX Font Info:    Font shape `T1/FiraSans-TLF/sb/n' in size <29.86> not available
(Font)              Font shape `T1/FiraSans-TLF/semibold/n' tried instead on input line 459.
LaTeX Font Info:    Font shape `T1/FiraSans-TLF/semibold/n' will be
(Font)              scaled to size 26.27693pt on input line 459.
LaTeX Font Info:    Font shape `T1/FiraSans-TLF/sb/n' in size <35.83> not available
(Font)              Font shape `T1/FiraSans-TLF/semibold/n' tried instead on input line 459.
LaTeX Font Info:    Font shape `T1/FiraSans-TLF/semibold/n' will be
(Font)              scaled to size 31.53056pt on input line 459.
LaTeX Font Info:    Font shape `T1/FiraSans-TLF/sb/n' in size <106.99> not available
(Font)              Font shape `T1/FiraSans-TLF/semibold/n' tried instead on input line 459.
LaTeX Font Info:    Font shape `T1/FiraSans-TLF/semibold/n' will be
(Font)              scaled to size 94.15172pt on input line 459.
LaTeX Font Info:    Trying to load font information for T1+FiraMono-TLF on input line 459.
 (/usr/share/texlive/texmf-dist/tex/latex/fira/T1FiraMono-TLF.fd
File: T1FiraMono-TLF.fd 2019/10/10 (autoinst) Font definitions for T1/FiraMono-TLF.
)
LaTeX Font Info:    Font shape `T1/FiraMono-TLF/m/n' in size <35.83> not available
(Font)              Font shape `T1/FiraMono-TLF/regular/n' tried instead on input line 459.
LaTeX Font Info:    Font shape `T1/FiraMono-TLF/regular/n' will be
(Font)              scaled to size 31.53056pt on input line 459.
Package microtype Info: Loading generic protrusion settings for font family
(microtype)             `FiraMono-TLF' (encoding: T1).
(microtype)             For optimal results, create family-specific settings.
(microtype)             See the microtype manual for details.
LaTeX Font Info:    Font shape `T1/FiraMono-TLF/m/it' in size <35.83> not available
(Font)              Font shape `T1/FiraMono-TLF/regular/it' tried instead on input line 459.
LaTeX Font Info:    Font shape `T1/FiraMono-TLF/regular/it' in size <35.83> not available
(Font)              Font shape `T1/FiraMono-TLF/regular/sl' tried instead on input line 459.
LaTeX Font Info:    Font shape `T1/FiraMono-TLF/regular/sl' will be
(Font)              scaled to size 31.53056pt on input line 459.
LaTeX Font Info:    Font shape `OT1/mdbch/bx/n' in size <35.83> not available
(Font)              Font shape `OT1/mdbch/b/n' tried instead on input line 459.
LaTeX Font Info:    Font shape `OT1/mdbch/b/n' will be
(Font)              scaled to size 34.39703pt on input line 459.
LaTeX Font Info:    Font shape `OT1/mdbch/bx/n' in size <25.08089> not available
(Font)              Font shape `OT1/mdbch/b/n' tried instead on input line 459.
LaTeX Font Info:    Font shape `OT1/mdbch/b/n' will be
(Font)              scaled to size 24.0778pt on input line 459.
LaTeX Font Info:    Font shape `OT1/mdbch/bx/n' in size <17.915> not available
(Font)              Font shape `OT1/mdbch/b/n' tried instead on input line 459.
LaTeX Font Info:    Font shape `OT1/mdbch/b/n' will be
(Font)              scaled to size 17.1985pt on input line 459.
LaTeX Font Info:    Font shape `OMX/mdbch/bx/n' in size <35.83> not available
(Font)              Font shape `OMX/mdbch/b/n' tried instead on input line 459.
LaTeX Font Info:    Font shape `OMX/mdbch/b/n' will be
(Font)              scaled to size 34.39703pt on input line 459.
LaTeX Font Info:    Font shape `OMX/mdbch/bx/n' in size <25.08089> not available
(Font)              Font shape `OMX/mdbch/b/n' tried instead on input line 459.
LaTeX Font Info:    Font shape `OMX/mdbch/b/n' will be
(Font)              scaled to size 24.0778pt on input line 459.
LaTeX Font Info:    Font shape `OMX/mdbch/bx/n' in size <17.915> not available
(Font)              Font shape `OMX/mdbch/b/n' tried instead on input line 459.
LaTeX Font Info:    Font shape `OMX/mdbch/b/n' will be
(Font)              scaled to size 17.1985pt on input line 459.
LaTeX Font Info:    Font shape `T1/FiraSans-TLF/sb/n' in size <25.08089> not available
(Font)              Font shape `T1/FiraSans-TLF/semibold/n' tried instead on input line 459.
LaTeX Font Info:    Font shape `T1/FiraSans-TLF/semibold/n' will be
(Font)              scaled to size 22.07129pt on input line 459.
LaTeX Font Info:    Font shape `T1/FiraSans-TLF/sb/n' in size <17.915> not available
(Font)              Font shape `T1/FiraSans-TLF/semibold/n' tried instead on input line 459.
LaTeX Font Info:    Font shape `T1/FiraSans-TLF/semibold/n' will be
(Font)              scaled to size 15.76527pt on input line 459.
LaTeX Font Info:    Font shape `T1/FiraSans-TLF/sb/it' in size <35.83> not available
(Font)              Font shape `T1/FiraSans-TLF/semibold/it' tried instead on input line 459.
LaTeX Font Info:    Font shape `T1/FiraSans-TLF/semibold/it' will be
(Font)              scaled to size 31.53056pt on input line 459.
LaTeX Font Info:    Font shape `T1/FiraSans-TLF/sb/it' in size <25.08089> not available
(Font)              Font shape `T1/FiraSans-TLF/semibold/it' tried instead on input line 459.
LaTeX Font Info:    Font shape `T1/FiraSans-TLF/semibold/it' will be
(Font)              scaled to size 22.07129pt on input line 459.
LaTeX Font Info:    Font shape `T1/FiraSans-TLF/sb/it' in size <17.915> not available
(Font)              Font shape `T1/FiraSans-TLF/semibold/it' tried instead on input line 459.
LaTeX Font Info:    Font shape `T1/FiraSans-TLF/semibold/it' will be
(Font)              scaled to size 15.76527pt on input line 459.

Overfull \hbox (9.0pt too wide) in paragraph at lines 459--459
 [][][]  
 []

LaTeX Font Info:    Calculating math sizes for size <29.86> on input line 459.
LaTeX Font Info:    Font shape `OT1/mdbch/m/n' will be
(Font)              scaled to size 28.66579pt on input line 459.
LaTeX Font Info:    Font shape `OT1/mdbch/m/n' will be
(Font)              scaled to size 20.06596pt on input line 459.
LaTeX Font Info:    Font shape `OT1/mdbch/m/n' will be
(Font)              scaled to size 14.33289pt on input line 459.
LaTeX Font Info:    Font shape `OML/mdbch/m/it' will be
(Font)              scaled to size 28.66579pt on input line 459.
LaTeX Font Info:    Font shape `OML/mdbch/m/it' will be
(Font)              scaled to size 20.06596pt on input line 459.
LaTeX Font Info:    Font shape `OML/mdbch/m/it' will be
(Font)              scaled to size 14.33289pt on input line 459.
LaTeX Font Info:    Font shape `OMS/mdbch/m/n' will be
(Font)              scaled to size 28.66579pt on input line 459.
LaTeX Font Info:    Font shape `OMS/mdbch/m/n' will be
(Font)              scaled to size 20.06596pt on input line 459.
LaTeX Font Info:    Font shape `OMS/mdbch/m/n' will be
(Font)              scaled to size 14.33289pt on input line 459.
LaTeX Font Info:    Font shape `OMX/mdbch/m/n' will be
(Font)              scaled to size 28.66579pt on input line 459.
LaTeX Font Info:    Font shape `OMX/mdbch/m/n' will be
(Font)              scaled to size 20.06596pt on input line 459.
LaTeX Font Info:    Font shape `OMX/mdbch/m/n' will be
(Font)              scaled to size 14.33289pt on input line 459.
LaTeX Font Info:    Font shape `OML/mdbch/m/n' will be
(Font)              scaled to size 28.66579pt on input line 459.
LaTeX Font Info:    Font shape `OML/mdbch/m/n' will be
(Font)              scaled to size 20.06596pt on input line 459.
LaTeX Font Info:    Font shape `OML/mdbch/m/n' will be
(Font)              scaled to size 14.33289pt on input line 459.
LaTeX Font Info:    Font shape `MDA/mdbch/m/n' will be
(Font)              scaled to size 28.66579pt on input line 459.
LaTeX Font Info:    Font shape `MDA/mdbch/m/n' will be
(Font)              scaled to size 20.06596pt on input line 459.
LaTeX Font Info:    Font shape `MDA/mdbch/m/n' will be
(Font)              scaled to size 14.33289pt on input line 459.
LaTeX Font Info:    Font shape `MDB/mdbch/m/n' will be
(Font)              scaled to size 28.66579pt on input line 459.
LaTeX Font Info:    Font shape `MDB/mdbch/m/n' will be
(Font)              scaled to size 20.06596pt on input line 459.
LaTeX Font Info:    Font shape `MDB/mdbch/m/n' will be
(Font)              scaled to size 14.33289pt on input line 459.
LaTeX Font Info:    Font shape `T1/mdbch/m/n' will be
(Font)              scaled to size 28.66579pt on input line 459.
LaTeX Font Info:    Font shape `T1/mdbch/m/n' will be
(Font)              scaled to size 20.06596pt on input line 459.
LaTeX Font Info:    Font shape `T1/mdbch/m/n' will be
(Font)              scaled to size 14.33289pt on input line 459.
LaTeX Font Info:    Font shape `T1/mdbch/m/it' will be
(Font)              scaled to size 28.66579pt on input line 459.
LaTeX Font Info:    Font shape `T1/mdbch/m/it' will be
(Font)              scaled to size 20.06596pt on input line 459.
LaTeX Font Info:    Font shape `T1/mdbch/m/it' will be
(Font)              scaled to size 14.33289pt on input line 459.
LaTeX Font Info:    Font shape `T1/FiraSans-TLF/sl/n' in size <29.86> not available
(Font)              Font shape `T1/FiraSans-TLF/book/n' tried instead on input line 459.
LaTeX Font Info:    Font shape `T1/FiraSans-TLF/book/n' will be
(Font)              scaled to size 26.27693pt on input line 459.
LaTeX Font Info:    Font shape `OT1/mdbch/b/n' will be
(Font)              scaled to size 28.66579pt on input line 459.
LaTeX Font Info:    Font shape `OT1/mdbch/b/n' will be
(Font)              scaled to size 20.06596pt on input line 459.
LaTeX Font Info:    Font shape `OT1/mdbch/b/n' will be
(Font)              scaled to size 14.33289pt on input line 459.
LaTeX Font Info:    Font shape `OML/mdbch/b/it' will be
(Font)              scaled to size 28.66579pt on input line 459.
LaTeX Font Info:    Font shape `OML/mdbch/b/it' will be
(Font)              scaled to size 20.06596pt on input line 459.
LaTeX Font Info:    Font shape `OML/mdbch/b/it' will be
(Font)              scaled to size 14.33289pt on input line 459.
LaTeX Font Info:    Font shape `OMS/mdbch/b/n' will be
(Font)              scaled to size 28.66579pt on input line 459.
LaTeX Font Info:    Font shape `OMS/mdbch/b/n' will be
(Font)              scaled to size 20.06596pt on input line 459.
LaTeX Font Info:    Font shape `OMS/mdbch/b/n' will be
(Font)              scaled to size 14.33289pt on input line 459.
LaTeX Font Info:    Font shape `OMX/mdbch/b/n' will be
(Font)              scaled to size 28.66579pt on input line 459.
LaTeX Font Info:    Font shape `OMX/mdbch/b/n' will be
(Font)              scaled to size 20.06596pt on input line 459.
LaTeX Font Info:    Font shape `OMX/mdbch/b/n' will be
(Font)              scaled to size 14.33289pt on input line 459.
LaTeX Font Info:    Font shape `OML/mdbch/b/n' will be
(Font)              scaled to size 28.66579pt on input line 459.
LaTeX Font Info:    Font shape `OML/mdbch/b/n' will be
(Font)              scaled to size 20.06596pt on input line 459.
LaTeX Font Info:    Font shape `OML/mdbch/b/n' will be
(Font)              scaled to size 14.33289pt on input line 459.
LaTeX Font Info:    Font shape `MDA/mdbch/b/n' will be
(Font)              scaled to size 28.66579pt on input line 459.
LaTeX Font Info:    Font shape `MDA/mdbch/b/n' will be
(Font)              scaled to size 20.06596pt on input line 459.
LaTeX Font Info:    Font shape `MDA/mdbch/b/n' will be
(Font)              scaled to size 14.33289pt on input line 459.
LaTeX Font Info:    Font shape `MDB/mdbch/b/n' will be
(Font)              scaled to size 28.66579pt on input line 459.
LaTeX Font Info:    Font shape `MDB/mdbch/b/n' will be
(Font)              scaled to size 20.06596pt on input line 459.
LaTeX Font Info:    Font shape `MDB/mdbch/b/n' will be
(Font)              scaled to size 14.33289pt on input line 459.
LaTeX Font Info:    Font shape `T1/mdbch/b/n' will be
(Font)              scaled to size 28.66579pt on input line 459.
LaTeX Font Info:    Font shape `T1/mdbch/b/n' will be
(Font)              scaled to size 20.06596pt on input line 459.
LaTeX Font Info:    Font shape `T1/mdbch/b/n' will be
(Font)              scaled to size 14.33289pt on input line 459.
LaTeX Font Info:    Font shape `T1/mdbch/b/it' will be
(Font)              scaled to size 28.66579pt on input line 459.
LaTeX Font Info:    Font shape `T1/mdbch/b/it' will be
(Font)              scaled to size 20.06596pt on input line 459.
LaTeX Font Info:    Font shape `T1/mdbch/b/it' will be
(Font)              scaled to size 14.33289pt on input line 459.
LaTeX Font Info:    Font shape `OT1/mdbch/bx/n' in size <29.86> not available
(Font)              Font shape `OT1/mdbch/b/n' tried instead on input line 459.
LaTeX Font Info:    Font shape `OT1/mdbch/b/n' will be
(Font)              scaled to size 28.66579pt on input line 459.
LaTeX Font Info:    Font shape `OT1/mdbch/bx/n' in size <20.9019> not available
(Font)              Font shape `OT1/mdbch/b/n' tried instead on input line 459.
LaTeX Font Info:    Font shape `OT1/mdbch/b/n' will be
(Font)              scaled to size 20.06596pt on input line 459.
LaTeX Font Info:    Font shape `OT1/mdbch/bx/n' in size <14.93> not available
(Font)              Font shape `OT1/mdbch/b/n' tried instead on input line 459.
LaTeX Font Info:    Font shape `OT1/mdbch/b/n' will be
(Font)              scaled to size 14.33289pt on input line 459.
LaTeX Font Info:    Font shape `OMX/mdbch/bx/n' in size <29.86> not available
(Font)              Font shape `OMX/mdbch/b/n' tried instead on input line 459.
LaTeX Font Info:    Font shape `OMX/mdbch/b/n' will be
(Font)              scaled to size 28.66579pt on input line 459.
LaTeX Font Info:    Font shape `OMX/mdbch/bx/n' in size <20.9019> not available
(Font)              Font shape `OMX/mdbch/b/n' tried instead on input line 459.
LaTeX Font Info:    Font shape `OMX/mdbch/b/n' will be
(Font)              scaled to size 20.06596pt on input line 459.
LaTeX Font Info:    Font shape `OMX/mdbch/bx/n' in size <14.93> not available
(Font)              Font shape `OMX/mdbch/b/n' tried instead on input line 459.
LaTeX Font Info:    Font shape `OMX/mdbch/b/n' will be
(Font)              scaled to size 14.33289pt on input line 459.
LaTeX Font Info:    Font shape `T1/FiraSans-TLF/sb/n' in size <20.9019> not available
(Font)              Font shape `T1/FiraSans-TLF/semibold/n' tried instead on input line 459.
LaTeX Font Info:    Font shape `T1/FiraSans-TLF/semibold/n' will be
(Font)              scaled to size 18.39377pt on input line 459.
LaTeX Font Info:    Font shape `T1/FiraSans-TLF/sb/n' in size <14.93> not available
(Font)              Font shape `T1/FiraSans-TLF/semibold/n' tried instead on input line 459.
LaTeX Font Info:    Font shape `T1/FiraSans-TLF/semibold/n' will be
(Font)              scaled to size 13.13846pt on input line 459.
LaTeX Font Info:    Font shape `T1/FiraSans-TLF/sb/it' in size <29.86> not available
(Font)              Font shape `T1/FiraSans-TLF/semibold/it' tried instead on input line 459.
LaTeX Font Info:    Font shape `T1/FiraSans-TLF/semibold/it' will be
(Font)              scaled to size 26.27693pt on input line 459.
LaTeX Font Info:    Font shape `T1/FiraSans-TLF/sb/it' in size <20.9019> not available
(Font)              Font shape `T1/FiraSans-TLF/semibold/it' tried instead on input line 459.
LaTeX Font Info:    Font shape `T1/FiraSans-TLF/semibold/it' will be
(Font)              scaled to size 18.39377pt on input line 459.
LaTeX Font Info:    Font shape `T1/FiraSans-TLF/sb/it' in size <14.93> not available
(Font)              Font shape `T1/FiraSans-TLF/semibold/it' tried instead on input line 459.
LaTeX Font Info:    Font shape `T1/FiraSans-TLF/semibold/it' will be
(Font)              scaled to size 13.13846pt on input line 459.
(/usr/share/texlive/texmf-dist/tex/latex/microtype/mt-cmr.cfg
File: mt-cmr.cfg 2013/05/19 v2.2 microtype config. file: Computer Modern Roman (RS)
)
LaTeX Font Info:    Font shape `T1/FiraSans-TLF/sl/n' in size <20.9019> not available
(Font)              Font shape `T1/FiraSans-TLF/book/n' tried instead on input line 459.
LaTeX Font Info:    Font shape `T1/FiraSans-TLF/book/n' will be
(Font)              scaled to size 18.39377pt on input line 459.
LaTeX Font Info:    Font shape `T1/FiraSans-TLF/sl/n' in size <14.93> not available
(Font)              Font shape `T1/FiraSans-TLF/book/n' tried instead on input line 459.
LaTeX Font Info:    Font shape `T1/FiraSans-TLF/book/n' will be
(Font)              scaled to size 13.13846pt on input line 459.
LaTeX Font Info:    Font shape `T1/FiraSans-TLF/sl/it' in size <29.86> not available
(Font)              Font shape `T1/FiraSans-TLF/book/it' tried instead on input line 459.
LaTeX Font Info:    Font shape `T1/FiraSans-TLF/book/it' will be
(Font)              scaled to size 26.27693pt on input line 459.
LaTeX Font Info:    Font shape `T1/FiraSans-TLF/sl/it' in size <20.9019> not available
(Font)              Font shape `T1/FiraSans-TLF/book/it' tried instead on input line 459.
LaTeX Font Info:    Font shape `T1/FiraSans-TLF/book/it' will be
(Font)              scaled to size 18.39377pt on input line 459.
LaTeX Font Info:    Font shape `T1/FiraSans-TLF/sl/it' in size <14.93> not available
(Font)              Font shape `T1/FiraSans-TLF/book/it' tried instead on input line 459.
LaTeX Font Info:    Font shape `T1/FiraSans-TLF/book/it' will be
(Font)              scaled to size 13.13846pt on input line 459.
<images/BS_inc_conc_2third.png, id=14, 1445.4pt x 903.375pt>
File: images/BS_inc_conc_2third.png Graphic file (type png)
<use images/BS_inc_conc_2third.png>
Package pdftex.def Info: images/BS_inc_conc_2third.png  used on input line 459.
(pdftex.def)             Requested size: 685.53232pt x 428.45972pt.
<images/BS_inc_disp_2third.png, id=15, 1445.4pt x 903.375pt>
File: images/BS_inc_disp_2third.png Graphic file (type png)
<use images/BS_inc_disp_2third.png>
Package pdftex.def Info: images/BS_inc_disp_2third.png  used on input line 459.
(pdftex.def)             Requested size: 685.53232pt x 428.45972pt.
<images/BS_dec_conc_2third.png, id=16, 1445.4pt x 903.375pt>
File: images/BS_dec_conc_2third.png Graphic file (type png)
<use images/BS_dec_conc_2third.png>
Package pdftex.def Info: images/BS_dec_conc_2third.png  used on input line 459.
(pdftex.def)             Requested size: 685.53232pt x 428.45972pt.
<images/BS_dec_disp_2third.png, id=17, 1445.4pt x 903.375pt>
File: images/BS_dec_disp_2third.png Graphic file (type png)
<use images/BS_dec_disp_2third.png>
Package pdftex.def Info: images/BS_dec_disp_2third.png  used on input line 459.
(pdftex.def)             Requested size: 685.53232pt x 428.45972pt.
LaTeX Font Info:    Font shape `T1/FiraSans-TLF/sb/n' in size <24.89> not available
(Font)              Font shape `T1/FiraSans-TLF/semibold/n' tried instead on input line 459.
LaTeX Font Info:    Font shape `T1/FiraSans-TLF/semibold/n' will be
(Font)              scaled to size 21.90332pt on input line 459.
LaTeX Font Info:    Font shape `T1/FiraSans-TLF/sl/n' in size <24.89> not available
(Font)              Font shape `T1/FiraSans-TLF/book/n' tried instead on input line 459.
LaTeX Font Info:    Font shape `T1/FiraSans-TLF/book/n' will be
(Font)              scaled to size 21.90332pt on input line 459.

Overfull \hbox (9.0pt too wide) in paragraph at lines 459--459
 [][][]  
 []

LaTeX Font Info:    Font shape `T1/FiraSans-TLF/sb/sc' in size <29.86> not available
(Font)              Font shape `T1/FiraSans-TLF/semibold/sc' tried instead on input line 459.
LaTeX Font Info:    Font shape `T1/FiraSans-TLF/semibold/sc' will be
(Font)              scaled to size 26.27693pt on input line 459.
LaTeX Font Info:    Font shape `T1/FiraSans-TLF/sl/sc' in size <29.86> not available
(Font)              Font shape `T1/FiraSans-TLF/book/sc' tried instead on input line 459.
LaTeX Font Info:    Font shape `T1/FiraSans-TLF/book/sc' will be
(Font)              scaled to size 26.27693pt on input line 459.
LaTeX Font Info:    Font shape `T1/FiraSans-TLF/sl/it' in size <24.89> not available
(Font)              Font shape `T1/FiraSans-TLF/book/it' tried instead on input line 459.
LaTeX Font Info:    Font shape `T1/FiraSans-TLF/book/it' will be
(Font)              scaled to size 21.90332pt on input line 459.
LaTeX Font Info:    Calculating math sizes for size <24.89> on input line 459.
LaTeX Font Info:    Font shape `OT1/mdbch/m/n' will be
(Font)              scaled to size 23.89456pt on input line 459.
LaTeX Font Info:    Font shape `OT1/mdbch/m/n' will be
(Font)              scaled to size 16.7261pt on input line 459.
LaTeX Font Info:    Font shape `OT1/mdbch/m/n' will be
(Font)              scaled to size 11.94727pt on input line 459.
LaTeX Font Info:    Font shape `OMX/mdbch/m/n' will be
(Font)              scaled to size 23.89456pt on input line 459.
LaTeX Font Info:    Font shape `OMX/mdbch/m/n' will be
(Font)              scaled to size 16.7261pt on input line 459.
LaTeX Font Info:    Font shape `OMX/mdbch/m/n' will be
(Font)              scaled to size 11.94727pt on input line 459.
LaTeX Font Info:    Font shape `OMS/mdbch/m/n' will be
(Font)              scaled to size 23.89456pt on input line 459.
LaTeX Font Info:    Font shape `OMS/mdbch/m/n' will be
(Font)              scaled to size 16.7261pt on input line 459.
LaTeX Font Info:    Font shape `OMS/mdbch/m/n' will be
(Font)              scaled to size 11.94727pt on input line 459.
LaTeX Font Info:    Font shape `OML/mdbch/m/n' will be
(Font)              scaled to size 23.89456pt on input line 459.
LaTeX Font Info:    Font shape `OML/mdbch/m/n' will be
(Font)              scaled to size 16.7261pt on input line 459.
LaTeX Font Info:    Font shape `OML/mdbch/m/n' will be
(Font)              scaled to size 11.94727pt on input line 459.
LaTeX Font Info:    Font shape `MDA/mdbch/m/n' will be
(Font)              scaled to size 23.89456pt on input line 459.
LaTeX Font Info:    Font shape `MDA/mdbch/m/n' will be
(Font)              scaled to size 16.7261pt on input line 459.
LaTeX Font Info:    Font shape `MDA/mdbch/m/n' will be
(Font)              scaled to size 11.94727pt on input line 459.
LaTeX Font Info:    Font shape `MDB/mdbch/m/n' will be
(Font)              scaled to size 23.89456pt on input line 459.
LaTeX Font Info:    Font shape `MDB/mdbch/m/n' will be
(Font)              scaled to size 16.7261pt on input line 459.
LaTeX Font Info:    Font shape `MDB/mdbch/m/n' will be
(Font)              scaled to size 11.94727pt on input line 459.
LaTeX Font Info:    Font shape `T1/FiraSans-TLF/sl/n' in size <17.42291> not available
(Font)              Font shape `T1/FiraSans-TLF/book/n' tried instead on input line 459.
LaTeX Font Info:    Font shape `T1/FiraSans-TLF/book/n' will be
(Font)              scaled to size 15.33224pt on input line 459.
LaTeX Font Info:    Font shape `T1/FiraSans-TLF/sl/n' in size <12.44499> not available
(Font)              Font shape `T1/FiraSans-TLF/book/n' tried instead on input line 459.
LaTeX Font Info:    Font shape `T1/FiraSans-TLF/book/n' will be
(Font)              scaled to size 10.95164pt on input line 459.
LaTeX Font Info:    Font shape `T1/FiraSans-TLF/sl/it' in size <17.42291> not available
(Font)              Font shape `T1/FiraSans-TLF/book/it' tried instead on input line 459.
LaTeX Font Info:    Font shape `T1/FiraSans-TLF/book/it' will be
(Font)              scaled to size 15.33224pt on input line 459.
LaTeX Font Info:    Font shape `T1/FiraSans-TLF/sl/it' in size <12.44499> not available
(Font)              Font shape `T1/FiraSans-TLF/book/it' tried instead on input line 459.
LaTeX Font Info:    Font shape `T1/FiraSans-TLF/book/it' will be
(Font)              scaled to size 10.95164pt on input line 459.
LaTeX Font Info:    Font shape `T1/FiraSans-TLF/sl/sc' in size <24.89> not available
(Font)              Font shape `T1/FiraSans-TLF/book/sc' tried instead on input line 459.
LaTeX Font Info:    Font shape `T1/FiraSans-TLF/book/sc' will be
(Font)              scaled to size 21.90332pt on input line 459.

Overfull \hbox (9.0pt too wide) in paragraph at lines 459--459
 [][][]  
 []

<images/average_pb_fb.png, id=21, 1798.72pt x 1139.25626pt>
File: images/average_pb_fb.png Graphic file (type png)
<use images/average_pb_fb.png>
Package pdftex.def Info: images/average_pb_fb.png  used on input line 459.
(pdftex.def)             Requested size: 616.69992pt x 425.95084pt.
LaTeX Font Info:    Font shape `T1/FiraMono-TLF/b/n' in size <29.86> not available
(Font)              Font shape `T1/FiraMono-TLF/bold/n' tried instead on input line 459.
LaTeX Font Info:    Font shape `T1/FiraMono-TLF/bold/n' will be
(Font)              scaled to size 26.27693pt on input line 459.
LaTeX Font Info:    Font shape `T1/FiraMono-TLF/m/n' in size <29.86> not available
(Font)              Font shape `T1/FiraMono-TLF/regular/n' tried instead on input line 459.
LaTeX Font Info:    Font shape `T1/FiraMono-TLF/regular/n' will be
(Font)              scaled to size 26.27693pt on input line 459.

Overfull \hbox (4.54173pt too wide) detected at line 459
[] \OT1/mdbch/m/n/29.86 = \T1/mdbch/m/n/29.86 ([][] [])[][][] [];  \OML/mdbch/m/it/29.86 " \OMS/mdbch/m/n/29.86 ^^X \OML/mdbch/m/n/29.86 N\T1/mdbch/m/n/29.86 (0, \OML/mdbch/m/it/29.86 ^^[[]\T1/mdbch/m/n/29.86 );  \OML/mdbch/m/it/29.86 @\T1/mdbch/m/it/29.86 u\T1/mdbch/m/n/29.86 (\T1/mdbch/m/it/29.86 c\T1/mdbch/m/n/29.86 )[]\OML/mdbch/m/it/29.86 @^^Z \OT1/mdbch/m/n/29.86 = \T1/mdbch/m/it/29.86 c[]\T1/mdbch/m/n/29.86 ;  \T1/mdbch/m/it/29.86 n \OMS/mdbch/m/n/29.86 2 \MDA/mdbch/m/n/29.86 N[]\T1/mdbch/m/n/29.86 .
 []

LaTeX Font Info:    Trying to load font information for TS1+FiraSans-TLF on input line 459.
(/usr/share/texlive/texmf-dist/tex/latex/fira/TS1FiraSans-TLF.fd
File: TS1FiraSans-TLF.fd 2019/10/10 (autoinst) Font definitions for TS1/FiraSans-TLF.
)
LaTeX Font Info:    Font shape `TS1/FiraSans-TLF/sb/n' in size <29.86> not available
(Font)              Font shape `TS1/FiraSans-TLF/semibold/n' tried instead on input line 459.
LaTeX Font Info:    Font shape `TS1/FiraSans-TLF/semibold/n' will be
(Font)              scaled to size 26.27693pt on input line 459.
Package microtype Info: Loading generic protrusion settings for font family
(microtype)             `FiraSans-TLF' (encoding: TS1).
(microtype)             For optimal results, create family-specific settings.
(microtype)             See the microtype manual for details.
LaTeX Font Info:    Font shape `T1/XCharter-TLF/m/it' will be
(Font)              scaled to size 28.66579pt on input line 459.
LaTeX Font Info:    Font shape `T1/XCharter-TLF/m/n' will be
(Font)              scaled to size 3.84003pt on input line 459.
 [1

{/var/lib/texmf/fonts/map/pdftex/updmap/pdftex.map}{/usr/share/texlive/texmf-dist/fonts/enc/dvips/fira/fir_fmuqgy.enc}{/usr/share/texlive/texmf-dist/fonts/enc/dvips/fira/fir_i3ioen.enc}{/usr/share/texlive/texmf-dist/fonts/enc/dvips/ly1/texnansi.enc}{/usr/share/texlive/texmf-dist/fonts/enc/dvips/xcharter/xch_rydp4l.enc}{/usr/share/texlive/texmf-dist/fonts/enc/dvips/fira/fir_bweh26.enc}{/usr/share/texlive/texmf-dist/fonts/enc/dvips/fira/fir_fdi65k.enc} <./images/BS_inc_conc_2third.png> <./images/BS_inc_disp_2third.png> <./images/BS_dec_conc_2third.png> <./images/BS_dec_disp_2third.png> <./images/average_pb_fb.png>]
\tf@nav=\write7
\openout7 = `Template_Poster.nav'.

\tf@toc=\write8
\openout8 = `Template_Poster.toc'.

\tf@snm=\write9
\openout9 = `Template_Poster.snm'.

 (./Template_Poster.aux)
 ***********
LaTeX2e <2025-11-01>
L3 programming layer <2020/03/25>
 ***********
Package rerunfilecheck Info: File `Template_Poster.out' has not changed.
(rerunfilecheck)             Checksum: D41D8CD98F00B204E9800998ECF8427E;0.
Package logreq Info: Writing requests to 'Template_Poster.run.xml'.
\openout1 = `Template_Poster.run.xml'.

 ) 
Here is how much of TeX's memory you used:
 52335 strings out of 467533
 1106818 string characters out of 5422139
 2463093 words of memory out of 5000000
 80220 multiletter control sequences out of 15000+600000
 1609562 words of font info for 564 fonts, out of 8000000 for 9000
 1143 hyphenation exceptions out of 8191
 128i,29n,131p,1143b,9343s stack positions out of 10000i,1000n,20000p,200000b,200000s
</usr/share/texlive/texmf-dist/fonts/type1/public/fira/FiraMono-Bold.pfb></usr/share/texlive/texmf-dist/fonts/type1/public/fira/FiraMono-Oblique.pfb></usr/share/texlive/texmf-dist/fonts/type1/public/fira/FiraMono-Regular.pfb></usr/share/texlive/texmf-dist/fonts/type1/public/fira/FiraSans-Book.pfb></usr/share/texlive/texmf-dist/fonts/type1/public/fira/FiraSans-BookItalic.pfb></usr/share/texlive/texmf-dist/fonts/type1/public/fira/FiraSans-SemiBold.pfb></usr/share/texlive/texmf-dist/fonts/type1/public/fira/FiraSans-SemiBoldItalic.pfb></usr/share/texlive/texmf-dist/fonts/type1/public/xcharter/XCharter-Italic.pfb></usr/share/texlive/texmf-dist/fonts/type1/public/xcharter/XCharter-Roman.pfb></usr/share/texlive/texmf-dist/fonts/type1/bitstrea/charter/bchb8a.pfb></usr/share/texlive/texmf-dist/fonts/type1/bitstrea/charter/bchbi8a.pfb></usr/share/texlive/texmf-dist/fonts/type1/bitstrea/charter/bchr8a.pfb></usr/share/texlive/texmf-dist/fonts/type1/bitstrea/charter/bchri8a.pfb></usr/share/texlive/texmf-dist/fonts/type1/public/hfbright/hfbrsy10.pfb></usr/share/texlive/texmf-dist/fonts/type1/public/kpfonts/jkpmi.pfb></usr/share/texlive/texmf-dist/fonts/type1/public/kpfonts/jkpsy.pfb></usr/share/texlive/texmf-dist/fonts/type1/public/mathdesign/mdbch/md-chb7m.pfb></usr/share/texlive/texmf-dist/fonts/type1/public/mathdesign/mdbch/md-chb7t.pfb></usr/share/texlive/texmf-dist/fonts/type1/public/mathdesign/mdbch/md-chb7v.pfb></usr/share/texlive/texmf-dist/fonts/type1/public/mathdesign/mdbch/md-chb7y.pfb></usr/share/texlive/texmf-dist/fonts/type1/public/mathdesign/mdbch/md-chb8t.pfb></usr/share/texlive/texmf-dist/fonts/type1/public/mathdesign/mdbch/md-chbi7m.pfb></usr/share/texlive/texmf-dist/fonts/type1/public/mathdesign/mdbch/md-chbma.pfb></usr/share/texlive/texmf-dist/fonts/type1/public/mathdesign/mdbch/md-chr7m.pfb></usr/share/texlive/texmf-dist/fonts/type1/public/mathdesign/mdbch/md-chr7t.pfb></usr/share/texlive/texmf-dist/fonts/type1/public/mathdesign/mdbch/md-chr7v.pfb></usr/share/texlive/texmf-dist/fonts/type1/public/mathdesign/mdbch/md-chr7y.pfb></usr/share/texlive/texmf-dist/fonts/type1/public/mathdesign/mdbch/md-chr8t.pfb></usr/share/texlive/texmf-dist/fonts/type1/public/mathdesign/mdbch/md-chri7m.pfb></usr/share/texlive/texmf-dist/fonts/type1/public/mathdesign/mdbch/md-chrma.pfb>
Output written on Template_Poster.pdf (1 page, 1527848 bytes).
PDF statistics:
 219 PDF objects out of 1000 (max. 8388607)
 138 compressed objects within 2 object streams
 8 named destinations out of 1000 (max. 500000)
 87114 words of extra memory for PDF output out of 89155 (max. 10000000)

